,hymn,name,is_bach,AverageMelodicIntervalFeature,MostCommonMelodicIntervalFeature,DistanceBetweenMostCommonMelodicIntervalsFeature,MostCommonMelodicIntervalPrevalenceFeature,NumberOfCommonMelodicIntervalsFeature,AmountOfArpeggiationFeature,ChromaticMotionFeature,MelodicThirdsFeature,MelodicTritonesFeature,DirectionOfMotionFeature,SizeOfMelodicArcsFeature,MostCommonPitchPrevalenceFeature,RelativeStrengthOfTopPitchesFeature,IntervalBetweenStrongestPitchesFeature,NumberOfCommonPitchesFeature,PitchVarietyFeature,PitchClassVarietyFeature,RangeFeature,MostCommonPitchFeature,ImportanceOfBassRegisterFeature,ImportanceOfHighRegisterFeature,BasicPitchHistogramFeature,PitchClassDistributionFeature,QualityFeature,NoteDensityFeature,AverageNoteDurationFeature,VariabilityOfNoteDurationFeature,MinimumNoteDurationFeature,AverageTimeBetweenAttacksFeature,AverageTimeBetweenAttacksForEachVoiceFeature,InitialTempoFeature,InitialTimeSignatureFeature,CompoundOrSimpleMeterFeature,TripleMeterFeature,QuintupleMeterFeature,ChangesOfMeterFeature,DurationFeature,AverageNumberOfIndependentVoicesFeature
0,<music21.stream.Score 0x7eff01c04a90>,4_hassler,0,3.3,0.0,2.0,0.4,6,0.5,0,0.0,0,0.4666666666666667,4,0.16393442622950818,0,5.0,3.0,22.0,9.0,33.0,62.0,0,0.03278688524590164,0,0.24590163934426232,0.0,4.1875,0.5149253731343284,0.13577168207955412,0,0.4838709677419355,0,120.0,4.0,0.0,0.0,0.0,0.0,16.0,0
1,<music21.stream.Score 0x7efeddcba460>,6_hassler,0,3.7901234567901234,2.0,1.0,0.2716049382716049,0,0.345679012345679,0,,0,0.4411764705882353,0,0.11560693641618497,0,,2.0,22.0,10.0,29.0,55.0,0,,0,0.21387283236994217,0.0,7.876923076923077,0.359375,0.12789613706050704,0,,0,120.0,4.0,0.0,0.0,0.0,0.0,16.25,0
2,<music21.stream.Score 0x7efedf6ee280>,11_doane,0,2.8181818181818183,1.0,1.0,0.36363636363636365,0,0.36363636363636365,0,,0,0.5227272727272727,0,0.219435736677116,0,,4.0,22.0,10.0,31.0,60.0,0,,0,0.3322884012539185,0.0,5.1875,0.39457831325301207,0.28680962665036813,0,,0,120.0,4.0,0.0,0.0,0.0,0.0,32.0,0
3,<music21.stream.Score 0x7efedde0c2e0>,5_hassler,0,3.022222222222222,2.0,3.0,0.26666666666666666,0,0.4222222222222222,0,,0,0.4752475247524752,0,0.13270142180094788,0,,3.0,28.0,11.0,32.0,60.0,0,,0,0.20379146919431282,0.0,5.375,0.4418604651162791,0.10561571002665669,0,,0,120.0,4.0,0.0,0.0,0.0,0.0,24.0,0
4,<music21.stream.Score 0x7efedd80ecd0>,stebbins1,0,0.4,0.0,2.0,0.8,0,0.8,0,,0,0.4925373134328358,0,0.15354330708661418,0,,4.0,21.0,10.0,28.0,48.0,0,,0,0.3425196850393701,0.0,5.4603174603174605,0.3643410852713178,0.25952354962146407,0,,0,120.0,6.0,1.0,0.0,0.0,0.0,23.625,0
5,<music21.stream.Score 0x7efee2c50160>,havergal5,0,0.0,0.0,0.0,1.0,0,1.0,0,,0,0.46938775510204084,0,0.15178571428571427,0,,4.0,22.0,9.0,34.0,63.0,0,,0,0.24107142857142855,0.0,2.375,0.8508771929824561,0.512689094603595,0,,0,120.0,3.0,0.0,1.0,0.0,0.0,24.0,0
6,<music21.stream.Score 0x7efee2c5c760>,excell6,0,0.0,0.0,0.0,0.0,0,0.0,0,,0,0.47058823529411764,0,0.19879518072289157,0,,5.0,18.0,8.0,31.0,55.0,0,,0,0.4036144578313253,0.0,2.59375,0.7710843373493976,0.45456986698586704,0,,0,120.0,8.0,0.0,0.0,0.0,0.0,32.0,0
7,<music21.stream.Score 0x7efedc858fa0>,stebbins5,0,0.25,0.0,2.0,0.875,0,0.875,0,,0,0.4431818181818182,0,0.18045112781954886,0,,3.0,24.0,12.0,31.0,57.0,0,,0,0.3308270676691729,0.0,2.8842105263157896,0.6970802919708029,0.48464624857098537,0,,0,120.0,6.0,1.0,0.0,0.0,0.0,47.5,0
8,<music21.stream.Score 0x7efee2c0fee0>,stebbins4,0,3.6666666666666665,2.0,2.0,0.3333333333333333,0,0.375,0,,0,0.5263157894736842,0,0.16666666666666666,0,,2.0,21.0,10.0,33.0,65.0,0,,0,0.24603174603174602,0.0,4.75,0.4967105263157895,0.17905738684548458,0,,0,120.0,2.0,0.0,0.0,0.0,0.0,16.0,0
9,<music21.stream.Score 0x7efee2bd6fa0>,mcgranahan5,0,1.6111111111111112,0.0,2.0,0.6666666666666666,0,0.8333333333333334,0,,0,0.5,0,0.14331210191082802,0,,3.0,21.0,8.0,33.0,62.0,0,,0,0.3152866242038217,0.0,4.024096385542169,0.5329341317365269,0.25926095188121545,0,,0,120.0,3.0,0.0,1.0,0.0,0.0,41.5,0
10,<music21.stream.Score 0x7efee2c3d0d0>,excell5,0,3.8025477707006368,0.0,2.0,0.2356687898089172,0,0.6178343949044586,0,,0,0.49375,0,0.12773722627737227,0,,5.0,19.0,7.0,33.0,50.0,0,,0,0.25182481751824815,0.0,5.442708333333332,0.5588516746411498,0.2928667447026002,0,,0,75.0,6.0,1.0,0.0,0.0,0.0,38.400000000000006,0
11,<music21.stream.Score 0x7efee2ad8a60>,mcgranahan12,0,1.5,0.0,2.0,0.5,0,0.5555555555555556,0,,0,0.3835616438356164,0,0.1523809523809524,0,,2.0,21.0,9.0,33.0,55.0,0,,0,0.2666666666666667,0.0,2.795138888888889,0.726708074534162,0.5359532278362983,0,,0,140.0,6.0,1.0,0.0,0.0,0.0,41.142857142857146,0
12,<music21.stream.Score 0x7efee2b9d100>,sankey1,0,1.4242424242424243,0.0,2.0,0.7272727272727273,0,0.7575757575757576,0,,0,0.47191011235955055,0,0.21014492753623187,0,,4.0,19.0,8.0,33.0,55.0,0,,0,0.37318840579710144,0.0,3.2291666666666665,0.7032258064516129,0.3095093630015738,0,,0,120.0,4.0,0.0,0.0,0.0,0.0,48.0,0
13,<music21.stream.Score 0x7efee2a35340>,8_doane,0,3.9696969696969697,0.0,2.0,0.22727272727272727,0,0.4090909090909091,0,,0,0.47586206896551725,0,0.18429003021148035,0,,3.0,23.0,9.0,33.0,62.0,0,,0,0.28700906344410876,0.0,4.103092783505154,0.5829145728643216,0.4248154168940291,0,,0,120.0,4.0,0.0,0.0,0.0,0.0,48.5,0
14,<music21.stream.Score 0x7efee29efd00>,sankey6,0,1.6666666666666667,0.0,4.0,0.6666666666666666,0,0.8666666666666667,0,,0,0.5054945054945055,0,0.15151515151515152,0,,4.0,20.0,9.0,33.0,61.0,0,,0,0.3164983164983165,0.0,3.305263157894737,0.6464968152866242,0.35584807865913654,0,,0,120.0,6.0,1.0,0.0,0.0,0.0,47.5,0
15,<music21.stream.Score 0x7efee2aaff40>,mcgranahan9,0,2.1176470588235294,0.0,2.0,0.47058823529411764,0,0.7058823529411765,0,,0,0.4642857142857143,0,0.12452830188679245,0,,3.0,22.0,9.0,31.0,56.0,0,,0,0.24528301886792453,0.0,4.733333333333333,0.4507042253521127,0.35072791084676325,0,,0,120.0,4.0,0.0,0.0,0.0,0.0,30.0,0
16,<music21.stream.Score 0x7efee2912040>,2_doane,0,0.0,0.0,0.0,1.0,0,1.0,0,,0,0.5274725274725275,0,0.16666666666666666,0,,5.0,17.0,8.0,28.0,65.0,0,,0,0.31746031746031744,0.0,5.291666666666667,0.3858267716535433,0.1914920320493693,0,,0,120.0,4.0,0.0,0.0,0.0,0.0,24.0,0
17,<music21.stream.Score 0x7efee289c640>,3_doane,0,2.6666666666666665,2.0,2.0,0.3333333333333333,0,0.6666666666666666,0,,0,0.41379310344827586,0,0.17153284671532848,0,,2.0,19.0,7.0,31.0,55.0,0,,0,0.30656934306569344,0.0,4.5,0.4583333333333333,0.30689416380533824,0,,0,120.0,4.0,0.0,0.0,0.0,0.0,32.0,0
18,<music21.stream.Score 0x7efee27eb070>,stebbins6,0,1.4210526315789473,0.0,5.0,0.6842105263157895,0,0.6842105263157895,0,,0,0.4788732394366197,0,0.2042042042042042,0,,4.0,18.0,9.0,26.0,65.0,0,,0,0.37537537537537535,0.0,3.6875,0.5451977401129944,0.31230343493967355,0,,0,120.0,6.0,1.0,0.0,0.0,0.0,48.0,0
19,<music21.stream.Score 0x7efee270b8e0>,havergal2,0,4.0,2.0,4.0,0.5,0,0.0,0,,0,0.43283582089552236,0,0.1130952380952381,0,,2.0,25.0,11.0,33.0,63.0,0,,0,0.19047619047619047,0.0,2.6875,0.7558139534883721,0.3943215106468179,0,,0,120.0,4.0,0.0,0.0,0.0,0.0,32.0,0
20,<music21.stream.Score 0x7efee2739b20>,stebbins9,0,3.5416666666666665,0.0,3.0,0.16666666666666666,0,0.5833333333333334,0,,0,0.4891304347826087,0,0.17218543046357615,0,,4.0,19.0,9.0,31.0,63.0,0,,0,0.3079470198675497,0.0,6.833333333333333,0.33384146341463417,0.16968729989071038,0,,0,120.0,6.0,1.0,0.0,0.0,0.0,24.0,0
21,<music21.stream.Score 0x7efee2694340>,lowry9,0,0.6470588235294118,0.0,2.0,0.8823529411764706,0,0.8823529411764706,0,,0,0.4791666666666667,0,0.16986301369863013,0,,2.0,19.0,7.0,31.0,63.0,0,,0,0.3013698630136986,0.0,6.0,0.3489583333333333,0.19921449478026332,0,,0,120.0,4.0,0.0,0.0,0.0,0.0,32.0,0
22,<music21.stream.Score 0x7efee25c9850>,sankey4,0,3.2666666666666666,0.0,7.0,0.3333333333333333,0,0.7333333333333333,0,,0,0.44545454545454544,0,0.1519756838905775,0,,4.0,24.0,10.0,32.0,65.0,0,,0,0.2857142857142857,0.0,4.675675675675675,0.4291907514450867,0.28518411764143997,0,,0,120.0,6.0,1.0,0.0,0.0,0.0,37.0,0
23,<music21.stream.Score 0x7efee2564970>,be_strong_in_god_hassler,0,3.890625,2.0,2.0,0.1875,0,0.59375,0,,0,0.42962962962962964,0,0.12222222222222222,0,,2.0,24.0,10.0,31.0,60.0,0,,0,0.23333333333333334,0.0,4.666666666666667,0.5029761904761905,0.2424271110973592,0,,0,120.0,4.0,0.0,0.0,0.0,0.0,36.0,0
24,<music21.stream.Score 0x7efee2516d90>,1_doane,0,2.5,2.0,1.0,0.5,0,0.5,0,,0,0.44,0,0.15544041450777202,0,,3.0,16.0,8.0,31.0,56.0,0,,0,0.3316062176165803,0.0,3.0625,0.6632653061224489,0.4937130776899161,0,,0,120.0,4.0,0.0,0.0,0.0,0.0,32.0,0
25,<music21.stream.Score 0x7efee2455d30>,16_doane,0,0.0,0.0,0.0,1.0,0,1.0,0,,0,0.46153846153846156,0,0.21673003802281368,0,,3.0,17.0,7.0,31.0,56.0,0,,0,0.3574144486692015,0.0,4.528925619834711,0.45255474452554745,0.3161308728277922,0,,0,120.0,6.0,1.0,0.0,0.0,0.0,30.25,0
26,<music21.stream.Score 0x7efee235a670>,reinagle1,0,3.327433628318584,2.0,1.0,0.2831858407079646,0,0.4336283185840708,0,,0,0.41237113402061853,0,0.1565217391304348,0,,2.0,22.0,8.0,34.0,62.0,0,,0,0.24347826086956523,0.0,7.1875,0.5565217391304348,0.2638775851833437,0,,0,120.0,4.0,0.0,0.0,0.0,0.0,16.0,0
27,<music21.stream.Score 0x7efee2880c70>,sankey14,0,2.2142857142857144,0.0,5.0,0.6428571428571429,0,0.6428571428571429,0,,0,0.5412844036697247,0,0.1933534743202417,0,,4.0,21.0,8.0,31.0,56.0,0,,0,0.3685800604229607,0.0,3.642105263157895,0.5397398843930635,0.40671682281209875,0,,0,120.0,4.0,0.0,0.0,0.0,0.0,47.5,0
28,<music21.stream.Score 0x7efee223cc10>,excell1,0,1.5714285714285714,0.0,2.0,0.2857142857142857,0,0.5714285714285714,0,,0,0.3125,0,0.20512820512820512,0,,4.0,11.0,7.0,17.0,67.0,0,,0,0.20512820512820512,0.0,2.1790540540540544,0.5178294573643409,0.3271795402151003,0,,0,100.0,2.0,0.0,0.0,0.0,0.0,19.73333333333333,0
29,<music21.stream.Score 0x7efee215f040>,how_did_my_heart_rejoice_to_hear_williams,0,1.6428571428571428,0.0,2.0,0.5714285714285714,0,0.6428571428571429,0,,0,0.4146341463414634,0,0.16964285714285715,0,,2.0,18.0,8.0,29.0,65.0,0,,0,0.30357142857142855,0.0,4.0,0.5625,0.18221724671391565,0,,0,120.0,4.0,0.0,0.0,0.0,0.0,16.0,0
30,<music21.stream.Score 0x7efee2302d30>,havergal4,0,0.0,0.0,0.0,1.0,0,1.0,0,,0,0.4444444444444444,0,0.21428571428571427,0,,3.0,16.0,7.0,29.0,56.0,0,,0,0.36607142857142855,0.0,2.4583333333333335,0.8389830508474576,0.39531877253188474,0,,0,120.0,3.0,0.0,1.0,0.0,0.0,24.0,0
31,<music21.stream.Score 0x7efee20fbe80>,mcgranahan2,0,2.4150943396226414,0.0,2.0,0.42641509433962266,0,0.6377358490566037,0,,0,0.42105263157894735,0,0.17228464419475656,0,,3.0,19.0,7.0,31.0,62.0,0,,0,0.3258426966292135,0.0,8.34375,0.4794007490636704,0.29832054323544804,0,,0,120.0,4.0,0.0,0.0,0.0,0.0,32.0,0
32,<music21.stream.Score 0x7efee1ff2cd0>,lowry10,0,1.3333333333333333,0.0,5.0,0.7142857142857143,0,0.7142857142857143,0,,0,0.5274725274725275,0,0.17142857142857143,0,,3.0,16.0,7.0,31.0,60.0,0,,0,0.3020408163265306,0.0,3.9703703703703703,0.5373134328358209,0.34891551425555106,0,,0,120.0,4.0,0.0,0.0,0.0,0.0,33.75,0
33,<music21.stream.Score 0x7efee213cc70>,13_doane,0,3.6052631578947367,2.0,2.0,0.2631578947368421,0,0.4473684210526316,0,,0,0.4765625,0,0.24666666666666667,0,,3.0,20.0,9.0,31.0,63.0,0,,0,0.39666666666666667,0.0,4.621621621621622,0.4934210526315789,0.3023613082495466,0,,0,120.0,3.0,0.0,1.0,0.0,0.0,37.0,0
34,<music21.stream.Score 0x7efee1df7610>,havergal1,0,2.2333333333333334,0.0,5.0,0.5,0,0.6666666666666666,0,,0,0.46601941747572817,0,0.12781954887218044,0,,3.0,23.0,10.0,31.0,62.0,0,,0,0.21428571428571427,0.0,3.1041666666666665,0.7231543624161074,0.4680576561288525,0,,0,120.0,4.0,0.0,0.0,0.0,0.0,48.0,0
35,<music21.stream.Score 0x7efee1d6deb0>,lowry7,0,2.081081081081081,2.0,2.0,0.4864864864864865,0,0.2702702702702703,0,,0,0.42857142857142855,0,0.25333333333333335,0,,3.0,8.0,7.0,12.0,71.0,0,,0,0.25333333333333335,0.0,2.5,0.4,0.2327373340628157,0,,0,120.0,3.0,0.0,1.0,0.0,0.0,30.0,0
36,<music21.stream.Score 0x7efee1cbfbe0>,mcgranahan15,0,3.3260869565217392,1.0,1.0,0.2391304347826087,0,0.41304347826086957,0,,0,0.5360824742268041,0,0.10619469026548672,0,,2.0,23.0,12.0,29.0,65.0,0,,0,0.2079646017699115,0.0,3.8620689655172415,0.5464285714285714,0.31280087556639297,0,,0,120.0,4.0,0.0,0.0,0.0,0.0,36.25,0
37,<music21.stream.Score 0x7efedd1b5c10>,12_doane,0,2.1538461538461537,2.0,2.0,0.3076923076923077,0,0.4423076923076923,0,,0,0.5,0,0.18253968253968253,0,,3.0,19.0,8.0,29.0,56.0,0,,0,0.30952380952380953,0.0,5.1,0.4117647058823529,0.2924608381938611,0,,0,120.0,3.0,0.0,1.0,0.0,0.0,30.0,0
38,<music21.stream.Score 0x7efedd0fb640>,havergal3,0,0.41304347826086957,0.0,5.0,0.8913043478260869,0,0.8913043478260869,0,,0,0.5454545454545454,0,0.21385542168674698,0,,3.0,19.0,8.0,31.0,64.0,0,,0,0.3373493975903615,0.0,5.9375,0.39276315789473687,0.3333397535161959,0,,0,120.0,4.0,0.0,0.0,0.0,0.0,32.0,0
39,<music21.stream.Score 0x7efedcfa2e20>,17_doane,0,2.5357142857142856,0.0,1.0,0.17857142857142858,0,0.4642857142857143,0,,0,0.5416666666666666,0,0.14432989690721648,0,,5.0,17.0,10.0,24.0,65.0,0,,0,0.30927835051546393,0.0,3.5,0.6607142857142857,0.3004036400225129,0,,0,120.0,4.0,0.0,0.0,0.0,0.0,32.0,0
40,<music21.stream.Score 0x7efedd055d30>,wesley1,0,3.727272727272727,3.0,3.0,0.2727272727272727,0,0.7272727272727273,0,,0,0.4864864864864865,0,0.1487603305785124,0,,5.0,16.0,7.0,28.0,60.0,0,,0,0.25619834710743805,0.0,2.7916666666666665,0.7985074626865671,0.4148340928264865,0,,0,120.0,3.0,0.0,1.0,0.0,0.0,24.0,0
41,<music21.stream.Score 0x7efedcea2370>,now_blessing_honor_glory_praise_williams,0,1.6428571428571428,0.0,2.0,0.5714285714285714,0,0.6428571428571429,0,,0,0.4146341463414634,0,0.16964285714285715,0,,2.0,18.0,8.0,29.0,65.0,0,,0,0.30357142857142855,0.0,4.0,0.5625,0.18221724671391565,0,,0,120.0,4.0,0.0,0.0,0.0,0.0,16.0,0
42,<music21.stream.Score 0x7efedd2847c0>,sankey2,0,1.4,0.0,4.0,0.5,0,0.8,0,,0,0.36231884057971014,0,0.21348314606741572,0,,3.0,17.0,8.0,29.0,65.0,0,,0,0.38202247191011235,0.0,3.125,0.71,0.3292415526630866,0,,0,120.0,4.0,0.0,0.0,0.0,0.0,32.0,0
43,<music21.stream.Score 0x7efedcdd3a00>,now_let_our_mourning_hearts_revive_williams,0,1.6428571428571428,0.0,2.0,0.5714285714285714,0,0.6428571428571429,0,,0,0.4146341463414634,0,0.16964285714285715,0,,2.0,18.0,8.0,29.0,65.0,0,,0,0.30357142857142855,0.0,4.0,0.5625,0.18221724671391565,0,,0,120.0,4.0,0.0,0.0,0.0,0.0,16.0,0
44,<music21.stream.Score 0x7efedcd92af0>,4_doane,0,0.8181818181818182,0.0,3.0,0.7272727272727273,0,1.0,0,,0,0.4189189189189189,0,0.16666666666666666,0,,4.0,18.0,8.0,28.0,65.0,0,,0,0.29411764705882354,0.0,2.0625,1.0303030303030314,0.43493030589113096,0,,0,110.00000000000001,6.0,1.0,0.0,0.0,0.0,52.36363636363636,0
45,<music21.stream.Score 0x7efedcc643d0>,lowry2,0,2.3846153846153846,0.0,2.0,0.46153846153846156,0,0.5384615384615384,0,,0,0.44660194174757284,0,0.18181818181818182,0,,3.0,21.0,9.0,33.0,60.0,0,,0,0.2902097902097902,0.0,4.878048780487805,0.42,0.26664583251946766,0,,0,120.0,6.0,1.0,0.0,0.0,0.0,30.75,0
46,<music21.stream.Score 0x7efedcef2550>,stebbins8,0,0.23809523809523808,0.0,5.0,0.9523809523809523,0,0.9523809523809523,0,,0,0.4868421052631579,0,0.19540229885057472,0,,3.0,20.0,8.0,33.0,55.0,0,,0,0.36015325670498083,0.0,6.761904761904762,0.31866197183098594,0.2063993083063781,0,,0,120.0,6.0,1.0,0.0,0.0,0.0,21.0,0
47,<music21.stream.Score 0x7efedcc67ca0>,sankey13,0,2.2142857142857144,0.0,5.0,0.6428571428571429,0,0.6428571428571429,0,,0,0.5412844036697247,0,0.1933534743202417,0,,4.0,21.0,8.0,31.0,56.0,0,,0,0.3685800604229607,0.0,3.642105263157895,0.5397398843930635,0.40671682281209875,0,,0,120.0,4.0,0.0,0.0,0.0,0.0,47.5,0
48,<music21.stream.Score 0x7efedb14a430>,excell4,0,3.6122448979591835,0.0,3.0,0.1836734693877551,0,0.673469387755102,0,,0,0.5225225225225225,0,0.19407894736842105,0,,4.0,16.0,7.0,33.0,62.0,0,,0,0.35197368421052627,0.0,5.59375,0.4273743016759777,0.3326368825798566,0,,0,120.0,4.0,0.0,0.0,0.0,0.0,32.0,0
49,<music21.stream.Score 0x7efedb03d970>,lowry6,0,1.9090909090909092,0.0,3.0,0.5454545454545454,0,1.0,0,,0,0.5,0,0.1902654867256637,0,,4.0,12.0,7.0,31.0,60.0,0,,0,0.3893805309734513,0.0,3.71875,0.5798319327731093,0.2729637621569688,0,,0,120.0,4.0,0.0,0.0,0.0,0.0,32.0,0
50,<music21.stream.Score 0x7efedce27b20>,mcgranahan4,0,1.84,0.0,2.0,0.36,0,0.52,0,,0,0.5492957746478874,0,0.1684981684981685,0,,4.0,18.0,8.0,31.0,62.0,0,,0,0.34798534798534797,0.0,4.316546762589928,0.485,0.3799451714831146,0,,0,120.0,3.0,0.0,1.0,0.0,1.0,34.75,0
51,<music21.stream.Score 0x7efedaf92e20>,18_doane,0,3.3,0.0,3.0,0.4,0,0.8,0,,0,0.5074626865671642,0,0.17142857142857143,0,,2.0,21.0,9.0,31.0,63.0,0,,0,0.3190476190476191,0.0,3.5238095238095237,0.5720720720720721,0.3403882709286508,0,,0,120.0,4.0,0.0,0.0,0.0,0.0,31.5,0
52,<music21.stream.Score 0x7efedad77100>,7_doane,0,1.4705882352941178,0.0,1.0,0.5294117647058824,0,0.5882352941176471,0,,0,0.4857142857142857,0,0.14080459770114942,0,,4.0,20.0,10.0,33.0,55.0,0,,0,0.27873563218390807,0.0,4.0,0.546875,0.3625314282353095,0,,0,120.0,4.0,0.0,0.0,0.0,0.0,48.0,0
53,<music21.stream.Score 0x7efedb0b1bb0>,mcgranahan11,0,2.9583333333333335,0.0,2.0,0.375,0,0.4166666666666667,0,,0,0.4392523364485981,0,0.14333333333333334,0,,2.0,21.0,9.0,33.0,60.0,0,,0,0.26,0.0,5.09375,0.4279141104294479,0.3314125817941255,0,,0,120.0,4.0,0.0,0.0,0.0,0.0,32.0,0
54,<music21.stream.Score 0x7efedac15e50>,holdroyd1,0,2.5765765765765765,2.0,1.0,0.40540540540540543,0,0.3333333333333333,0,,0,0.47959183673469385,0,0.1565217391304348,0,,4.0,17.0,7.0,33.0,69.0,0,,0,0.24347826086956523,0.0,4.2592592592592595,0.9043478260869565,0.5038790925277397,0,,0,120.0,4.0,0.0,0.0,0.0,0.0,27.0,0
55,<music21.stream.Score 0x7efedab55df0>,stebbins3,0,1.5813953488372092,2.0,1.0,0.3488372093023256,0,0.3488372093023256,0,,0,0.4117647058823529,0,0.3181818181818182,0,,4.0,7.0,7.0,10.0,69.0,0,,0,0.3181818181818182,0.0,1.8333333333333333,0.5454545454545454,0.381655809630606,0,,0,120.0,6.0,1.0,0.0,0.0,0.0,24.0,0
56,<music21.stream.Score 0x7efedab13880>,awhile_in_spirit_hassler,0,0.0,0.0,0.0,1.0,0,1.0,0,,0,0.49056603773584906,0,0.12598425196850394,0,,3.0,22.0,9.0,34.0,64.0,0,,0,0.1889763779527559,0.0,3.25,0.6307692307692307,0.21973625933978,0,,0,120.0,4.0,0.0,0.0,0.0,0.0,20.0,0
57,<music21.stream.Score 0x7efedaaa5880>,mcgranahan1,0,3.330275229357798,2.0,1.0,0.26605504587155965,0,0.3577981651376147,0,,0,0.49375,0,0.1717557251908397,0,,2.0,21.0,8.0,33.0,60.0,0,,0,0.27862595419847325,0.0,5.875,0.4853723404255319,0.2657013394549215,0,,0,120.0,4.0,0.0,0.0,0.0,0.0,32.0,0
58,<music21.stream.Score 0x7efeda9c3f10>,mcgranahan14,0,2.7666666666666666,0.0,2.0,0.36666666666666664,0,0.6666666666666666,0,,0,0.5102040816326531,0,0.1522491349480969,0,,3.0,23.0,10.0,29.0,60.0,0,,0,0.28719723183391005,0.0,4.666666666666667,0.42701863354037267,0.24551845187642696,0,,0,120.0,6.0,1.0,0.0,0.0,0.0,34.5,0
59,<music21.stream.Score 0x7efeda8d2b50>,lowry12,0,3.3333333333333335,2.0,2.0,0.3333333333333333,0,0.5,0,,0,0.4642857142857143,0,0.19387755102040816,0,,4.0,15.0,7.0,29.0,56.0,0,,0,0.39795918367346933,0.0,4.25,0.4803921568627451,0.29536093429414906,0,,0,120.0,3.0,0.0,1.0,0.0,0.0,24.0,0
60,<music21.stream.Score 0x7efeda7c01f0>,9_doane,0,0.0,0.0,0.0,1.0,0,1.0,0,,0,0.48,0,0.20080321285140562,0,,2.0,17.0,7.0,31.0,56.0,0,,0,0.37751004016064255,0.0,5.25,0.38095238095238093,0.28297296009535033,0,,0,120.0,3.0,0.0,1.0,0.0,0.0,24.0,0
61,<music21.stream.Score 0x7efeda719160>,excell7,0,3.1333333333333333,0.0,2.0,0.3333333333333333,0,0.6333333333333333,0,,0,0.4791666666666667,0,0.12857142857142856,0,,4.0,22.0,10.0,31.0,63.0,0,,0,0.26071428571428573,0.0,5.166666666666667,0.4435483870967742,0.30493043508205936,0,,0,120.0,3.0,0.0,1.0,0.0,0.0,30.0,0
62,<music21.stream.Score 0x7efeda692d00>,20_doane,0,2.9613526570048307,0.0,2.0,0.2753623188405797,0,0.47342995169082125,0,,0,0.44666666666666666,0,0.21052631578947367,0,,2.0,18.0,7.0,31.0,62.0,0,,0,0.354066985645933,0.0,8.708333333333334,0.45933014354066987,0.24968215412115916,0,,0,120.0,4.0,0.0,0.0,0.0,0.0,24.0,0
63,<music21.stream.Score 0x7efeda72ce20>,o_that_I_knew_the_secret_place_williams,0,1.6428571428571428,0.0,2.0,0.5714285714285714,0,0.6428571428571429,0,,0,0.4146341463414634,0,0.16964285714285715,0,,2.0,18.0,8.0,29.0,65.0,0,,0,0.30357142857142855,0.0,4.0,0.5625,0.18221724671391565,0,,0,120.0,4.0,0.0,0.0,0.0,0.0,16.0,0
64,<music21.stream.Score 0x7efeda49ffd0>,6_doane,0,0.0,0.0,0.0,1.0,0,1.0,0,,0,0.475,0,0.18777292576419213,0,,3.0,16.0,8.0,28.0,56.0,0,,0,0.3668122270742358,0.0,3.748031496062992,0.5210084033613446,0.41070219630168836,0,,0,120.0,4.0,0.0,0.0,0.0,0.0,31.75,0
65,<music21.stream.Score 0x7efeda712910>,sankey8,0,2.0,0.0,1.0,0.5,0,0.6428571428571429,0,,0,0.5533980582524272,0,0.22377622377622378,0,,4.0,19.0,8.0,32.0,53.0,0,,0,0.4020979020979021,0.0,5.375,0.4578488372093023,0.27532384810593,0,,0,120.0,4.0,0.0,0.0,0.0,0.0,32.0,0
66,<music21.stream.Score 0x7efeda320280>,lowry11,0,2.2093023255813953,0.0,1.0,0.37209302325581395,0,0.6046511627906976,0,,0,0.47560975609756095,0,0.15953307392996108,0,,3.0,22.0,10.0,36.0,62.0,0,,0,0.27237354085603116,0.0,5.958333333333333,0.4020979020979021,0.30119947423976706,0,,0,120.0,6.0,1.0,0.0,0.0,0.0,24.0,0
67,<music21.stream.Score 0x7efeda233d60>,excell12,0,5.111111111111111,0.0,3.0,0.2222222222222222,0,0.6666666666666666,0,,0,0.4959349593495935,0,0.12727272727272726,0,,4.0,22.0,9.0,33.0,63.0,0,,0,0.27575757575757576,0.0,3.5416666666666665,0.5705882352941176,0.3506543561809129,0,,0,120.0,4.0,0.0,0.0,0.0,0.0,48.0,0
68,<music21.stream.Score 0x7efeda214190>,stebbins7,0,5.5,5.0,5.0,0.25,0,0.6071428571428571,0,,0,0.48623853211009177,0,0.14869888475836432,0,,4.0,22.0,10.0,35.0,60.0,0,,0,0.2899628252788104,0.0,6.02020202020202,0.36661073825503354,0.24131926863574574,0,,0,120.0,3.0,0.0,1.0,0.0,0.0,24.75,0
69,<music21.stream.Score 0x7efeda06e0a0>,excell2,0,4.692913385826771,3.0,1.0,0.14960629921259844,0,0.6141732283464567,0,,0,0.4727272727272727,0,0.18604651162790697,0,,4.0,17.0,7.0,31.0,55.0,0,,0,0.3488372093023256,0.0,5.0588235294117645,0.7441860465116279,0.5901854887432676,0,,0,120.0,3.0,0.0,1.0,0.0,0.0,25.5,0
70,<music21.stream.Score 0x7efed9ff2c40>,lowry13,0,0.0,0.0,0.0,1.0,0,1.0,0,,0,0.5434782608695652,0,0.14583333333333334,0,,5.0,17.0,7.0,31.0,60.0,0,,0,0.275,0.0,4.635514018691588,0.4536290322580645,0.39797488305698986,0,,0,120.0,3.0,0.0,1.0,0.0,0.0,26.75,0
71,<music21.stream.Score 0x7efed9eb6fa0>,sankey10,0,3.2222222222222223,0.0,2.0,0.4444444444444444,0,0.5555555555555556,0,,0,0.4166666666666667,0,0.1329479768786127,0,,4.0,22.0,10.0,36.0,65.0,0,,0,0.2774566473988439,0.0,2.9206349206349205,0.6847826086956522,0.3665155500018992,0,,0,120.0,4.0,0.0,0.0,0.0,0.0,31.5,0
72,<music21.stream.Score 0x7efed9df8280>,14_doane,0,0.0,0.0,0.0,1.0,0,1.0,0,,0,0.5333333333333333,0,0.21660649819494585,0,,3.0,17.0,9.0,28.0,58.0,0,,0,0.41155234657039713,0.0,4.590163934426229,0.4357142857142857,0.28950608890005075,0,,0,120.0,4.0,0.0,0.0,0.0,0.0,30.5,0
73,<music21.stream.Score 0x7efeda2bae50>,21_doane,0,3.547945205479452,0.0,2.0,0.3452054794520548,0,0.6821917808219178,0,,0,0.497907949790795,0,0.18528610354223432,0,,3.0,22.0,9.0,31.0,62.0,0,,0,0.3215258855585831,0.0,7.645833333333333,0.5231607629427792,0.22484104900137603,0,,0,120.0,3.0,0.0,1.0,0.0,0.0,48.0,0
74,<music21.stream.Score 0x7efed9c2a040>,excell3,0,3.4375,2.0,1.0,0.25,0,0.4583333333333333,0,,0,0.5242718446601942,0,0.14754098360655737,0,,5.0,21.0,9.0,33.0,49.0,0,,0,0.29918032786885246,0.0,4.666666666666667,0.5068027210884354,0.38679915580488433,0,,0,120.0,4.0,0.0,0.0,0.0,0.0,31.5,0
75,<music21.stream.Score 0x7efed9b407f0>,lowry8,0,0.0,0.0,0.0,1.0,0,1.0,0,,0,0.48148148148148145,0,0.19318181818181818,0,,4.0,18.0,8.0,28.0,65.0,0,,0,0.2878787878787879,0.0,2.574074074074074,0.7949640287769785,0.4480691976696409,0,,0,120.0,3.0,0.0,1.0,0.0,0.0,54.0,0
76,<music21.stream.Score 0x7efed9cddf10>,mcgranahan6,0,3.5,0.0,2.0,0.3,0,0.5666666666666667,0,,0,0.5104166666666666,0,0.13125,0,,5.0,21.0,8.0,31.0,53.0,0,,0,0.290625,0.0,5.5,0.42542613636363635,0.2752986639863116,0,,0,120.0,4.0,0.0,0.0,0.0,0.0,32.0,0
77,<music21.stream.Score 0x7efed996fc10>,excell13,0,2.9356913183279745,0.0,2.0,0.40836012861736337,0,0.572347266881029,0,,0,0.45652173913043476,0,0.134185303514377,0,,4.0,22.0,9.0,58.0,56.0,0,,0,0.268370607028754,0.0,9.78125,0.37859424920127793,0.21899845703607299,0,,0,120.0,4.0,0.0,0.0,0.0,0.0,32.0,0
78,<music21.stream.Score 0x7efed9f0e2b0>,stebbins2,0,2.5483870967741935,0.0,2.0,0.41935483870967744,0,0.6209677419354839,0,,0,0.3888888888888889,0,0.1527777777777778,0,,4.0,19.0,10.0,30.0,63.0,0,,0,0.2777777777777778,0.0,3.84,1.0,0.9574271077563381,0,,0,120.0,9.0,1.0,0.0,0.0,0.0,37.5,0
79,<music21.stream.Score 0x7efed97d2490>,mcgranahan7,0,2.3902439024390243,0.0,2.0,0.3170731707317073,0,0.4146341463414634,0,,0,0.5220588235294118,0,0.13157894736842105,0,,3.0,25.0,10.0,32.0,53.0,0,,0,0.23976608187134502,0.0,4.416666666666667,0.5400943396226415,0.4046993882792764,0,,0,120.0,4.0,0.0,0.0,0.0,0.0,48.0,0
80,<music21.stream.Score 0x7efed966bca0>,excell11,0,0.46153846153846156,0.0,2.0,0.7692307692307693,0,0.7692307692307693,0,,0,0.48,0,0.18055555555555555,0,,3.0,19.0,8.0,31.0,63.0,0,,0,0.28125,0.0,5.033333333333333,0.42549668874172186,0.2892166600994863,0,,0,120.0,3.0,0.0,1.0,0.0,0.0,30.0,0
81,<music21.stream.Score 0x7efed9801940>,hoffman2,0,1.9513888888888888,2.0,2.0,0.3958333333333333,0,0.3611111111111111,0,,0,0.48258706467661694,0,0.18058690744920994,0,,4.0,18.0,9.0,28.0,63.0,0,,0,0.255079006772009,0.0,5.708333333333333,0.4333941605839416,0.34092480189895663,0,,0,120.0,0.0,0.0,0.0,0.0,0.0,48.0,0
82,<music21.stream.Score 0x7efed94fbf70>,5_doane,0,0.0,0.0,0.0,1.0,0,1.0,0,,0,0.4716981132075472,0,0.175,0,,2.0,19.0,8.0,29.0,63.0,0,,0,0.275,0.0,1.9761904761904763,1.0120481927710847,0.46697001939754645,0,,0,90.0,4.0,0.0,0.0,0.0,0.0,42.0,0
83,<music21.stream.Score 0x7efed9349460>,15_doane,0,0.0,0.0,0.0,1.0,0,1.0,0,,0,0.4567901234567901,0,0.204,0,,3.0,21.0,9.0,33.0,67.0,0,,0,0.352,0.0,5.389473684210526,0.373046875,0.2777492084646406,0,,0,120.0,6.0,1.0,0.0,0.0,0.0,23.75,0
84,<music21.stream.Score 0x7efed92efac0>,mcgranahan8,0,1.7014925373134329,2.0,2.0,0.373134328358209,0,0.31343283582089554,0,,0,0.5634920634920635,0,0.13738019169329074,0,,3.0,23.0,10.0,31.0,64.0,0,,0,0.26517571884984026,0.0,4.973958333333334,0.4633507853403137,0.3308995790264877,0,,0,100.0,4.0,0.0,0.0,0.0,0.0,38.4,0
85,<music21.stream.Score 0x7efed9128610>,stebbins10,0,0.0,0.0,0.0,1.0,0,1.0,0,,0,0.4714285714285714,0,0.15163934426229508,0,,4.0,19.0,8.0,29.0,56.0,0,,0,0.27868852459016397,0.0,5.25,0.3968253968253968,0.17040405201257056,0,,0,120.0,3.0,0.0,1.0,0.0,0.0,24.0,0
86,<music21.stream.Score 0x7efed90bd550>,lowry5,0,2.7324414715719065,0.0,2.0,0.431438127090301,0,0.6755852842809364,0,,0,0.4823529411764706,0,0.18604651162790697,0,,4.0,21.0,8.0,34.0,58.0,0,,0,0.3355481727574751,0.0,7.525,0.5182724252491694,0.37586887894128274,0,,0,120.0,4.0,0.0,0.0,0.0,0.0,40.0,0
87,<music21.stream.Score 0x7efed8f85d60>,sankey5,0,6.1,5.0,2.0,0.25,0,0.5,0,,0,0.4444444444444444,0,0.15486725663716813,0,,2.0,23.0,10.0,33.0,55.0,0,,0,0.3185840707964602,0.0,5.166666666666667,0.41330645161290325,0.1740305950771094,0,,0,120.0,6.0,1.0,0.0,0.0,0.0,24.0,0
88,<music21.stream.Score 0x7efed9481bb0>,lowry4,0,2.5135135135135136,0.0,4.0,0.3783783783783784,0,0.6756756756756757,0,,0,0.4457831325301205,0,0.14450867052023122,0,,3.0,19.0,8.0,31.0,62.0,0,,0,0.24277456647398843,0.0,3.3125,0.7429245283018868,0.4240104283630611,0,,0,120.0,4.0,0.0,0.0,0.0,0.0,32.0,0
89,<music21.stream.Score 0x7efed8e64970>,marsh1,0,1.1111111111111112,0.0,2.0,0.6666666666666666,0,0.7777777777777778,0,,0,0.4626865671641791,0,0.20353982300884957,0,,3.0,19.0,9.0,29.0,65.0,0,,0,0.3141592920353982,0.0,3.9047619047619047,0.573170731707317,0.36865458985755467,0,,0,120.0,3.0,0.0,1.0,0.0,0.0,31.5,0
90,<music21.stream.Score 0x7efed8d8aca0>,mcgranahan13,0,3.731707317073171,5.0,5.0,0.24390243902439024,0,0.43902439024390244,0,,0,0.48091603053435117,0,0.14545454545454545,0,,3.0,21.0,8.0,33.0,67.0,0,,0,0.27636363636363637,0.0,5.0,0.4527777777777778,0.28842109561379475,0,,0,120.0,9.0,1.0,0.0,0.0,0.0,36.0,0
91,<music21.stream.Score 0x7efed8ca65b0>,excell9,0,6.278688524590164,0.0,2.0,0.2459016393442623,0,0.4098360655737705,0,,0,0.4918032786885246,0,0.15272727272727274,0,,2.0,21.0,8.0,41.0,58.0,0,,0,0.2509090909090909,0.0,5.209302325581396,0.4880952380952381,0.4021052521254206,0,,0,120.0,9.0,1.0,0.0,0.0,0.0,32.25,0
92,<music21.stream.Score 0x7efed8b78be0>,lowry1,0,2.375,2.0,2.0,0.4166666666666667,0,0.375,0,,0,0.38461538461538464,0,0.3469387755102041,0,,4.0,7.0,7.0,10.0,67.0,0,,0,0.3469387755102041,0.0,2.0416666666666665,0.4897959183673469,0.26224688318155914,0,,0,120.0,3.0,0.0,1.0,0.0,0.0,24.0,0
93,<music21.stream.Score 0x7efed8b2da90>,mcgranahan10,0,0.0,0.0,0.0,1.0,0,1.0,0,,0,0.4909090909090909,0,0.19678714859437751,0,,4.0,15.0,7.0,30.0,53.0,0,,0,0.38152610441767065,0.0,6.0,0.3551587301587302,0.17352889209592245,0,,0,120.0,6.0,1.0,0.0,0.0,0.0,21.0,0
94,<music21.stream.Score 0x7efed8a22cd0>,sankey7,0,0.4166666666666667,0.0,5.0,0.9166666666666666,0,0.9166666666666666,0,,0,0.5571428571428572,0,0.1956521739130435,0,,3.0,19.0,8.0,35.0,65.0,0,,0,0.31521739130434784,0.0,4.53125,0.4706896551724138,0.2972625802503949,0,,0,120.0,4.0,0.0,0.0,0.0,0.0,32.0,0
95,<music21.stream.Score 0x7efed8a41700>,sankey9,0,1.3333333333333333,0.0,1.0,0.3333333333333333,0,0.5,0,,0,0.5445544554455446,0,0.1258741258741259,0,,4.0,22.0,10.0,31.0,66.0,0,,0,0.25874125874125875,0.0,6.707692307692308,0.29243119266055045,0.20718195995695446,0,,0,120.0,4.0,0.0,0.0,0.0,0.0,32.5,0
96,<music21.stream.Score 0x7efed88f19d0>,lowry3,0,1.5942028985507246,1.0,1.0,0.2898550724637681,0,0.391304347826087,0,,0,0.48148148148148145,0,0.34285714285714286,0,,5.0,8.0,7.0,12.0,66.0,0,,0,0.34285714285714286,0.0,2.1875,0.45357142857142857,0.3739099804356495,0,,0,120.0,4.0,0.0,0.0,0.0,0.0,32.0,0
97,<music21.stream.Score 0x7efed88f4be0>,10_doane,0,3.547945205479452,0.0,2.0,0.3452054794520548,0,0.6821917808219178,0,,0,0.497907949790795,0,0.18528610354223432,0,,3.0,22.0,9.0,31.0,62.0,0,,0,0.3215258855585831,0.0,7.645833333333333,0.5231607629427792,0.22484104900137603,0,,0,120.0,3.0,0.0,1.0,0.0,0.0,48.0,0
98,<music21.stream.Score 0x7efed8681e20>,sankey3,0,0.0,0.0,0.0,0.0,0,0.0,0,,0,0.5254237288135594,0,0.1602787456445993,0,,4.0,20.0,9.0,33.0,63.0,0,,0,0.3344947735191638,0.0,6.545454545454546,0.3055555555555556,0.24728463631617856,0,,0,120.0,6.0,1.0,0.0,0.0,0.0,22.0,0
99,<music21.stream.Score 0x7efed860daf0>,excell8,0,3.3529411764705883,0.0,1.0,0.4117647058823529,0,0.5882352941176471,0,,0,0.4942528735632184,0,0.1353135313531353,0,,6.0,18.0,9.0,31.0,64.0,0,,0,0.24092409240924093,0.0,4.128205128205129,0.5093167701863354,0.31756082065004265,0,,0,120.0,6.0,1.0,0.0,0.0,0.0,39.0,0
100,<music21.stream.Score 0x7efed90e3ee0>,madan1,0,3.7564102564102564,2.0,2.0,0.28205128205128205,0,0.47435897435897434,0,,0,0.49333333333333335,0,0.13588850174216027,0,,3.0,19.0,7.0,31.0,62.0,0,,0,0.2264808362369338,0.0,3.4857142857142858,0.7117486338797814,0.3795110489414314,0,,0,120.0,2.0,0.0,0.0,0.0,0.0,52.5,0
101,<music21.stream.Score 0x7efed83bf460>,19_doane,0,0.0,0.0,0.0,1.0,0,1.0,0,,0,0.5161290322580645,0,0.19285714285714287,0,,2.0,18.0,7.0,31.0,56.0,0,,0,0.3392857142857143,0.0,4.4375,0.44278169014084506,0.2965556527158213,0,,0,120.0,4.0,0.0,0.0,0.0,0.0,32.0,0
102,<music21.stream.Score 0x7efed82c24f0>,walsh1,0,3.330275229357798,2.0,1.0,0.26605504587155965,0,0.3577981651376147,0,,0,0.49375,0,0.1717557251908397,0,,2.0,21.0,8.0,33.0,60.0,0,,0,0.27862595419847325,0.0,5.875,0.4853723404255319,0.2657013394549215,0,,0,120.0,4.0,0.0,0.0,0.0,0.0,32.0,0
103,<music21.stream.Score 0x7efed81d9f10>,sankey12,0,2.2,0.0,2.0,0.7,0,0.8,0,,0,0.5,0,0.20614035087719298,0,,4.0,19.0,7.0,32.0,64.0,0,,0,0.32456140350877194,0.0,5.05050505050505,0.426,0.2932984827782101,0,,0,120.0,6.0,1.0,0.0,0.0,0.0,24.75,0
104,<music21.stream.Score 0x7efed8096e20>,bwv256,1,2.30188679245283,2.0,1.0,0.4009433962264151,0,0.25471698113207547,0,,0,0.5351351351351351,0,0.12037037037037036,0,,2.0,31.0,11.0,38.0,67.0,0,,0,0.20833333333333331,0.0,8.307692307692308,0.48148148148148145,0.22296846154164868,0,,0,120.0,4.0,0.0,0.0,0.0,0.0,26.0,0
105,<music21.stream.Score 0x7efed7e1fa30>,bwv250,1,2.535971223021583,2.0,1.0,0.39928057553956836,0,0.3381294964028777,0,,0,0.46808510638297873,0,0.12323943661971831,0,,3.0,24.0,9.0,33.0,62.0,0,,0,0.22183098591549297,0.0,14.2,0.3970070422535211,0.16169171660296114,0,,0,120.0,4.0,0.0,0.0,0.0,0.0,20.0,0
106,<music21.stream.Score 0x7efed7d38850>,bwv251,1,2.4608150470219434,2.0,1.0,0.4231974921630094,0,0.23824451410658307,0,,0,0.5051903114186851,0,0.10153846153846154,0,,4.0,27.0,10.0,36.0,74.0,0,,0,0.20307692307692307,0.0,16.25,0.36923076923076925,0.1393335256172998,0,,0,120.0,4.0,0.0,0.0,0.0,0.0,20.0,0
107,<music21.stream.Score 0x7efed7bd8a60>,bwv252,1,2.4703947368421053,2.0,2.0,0.29605263157894735,0,0.4309210526315789,0,,0,0.491869918699187,0,0.15161290322580645,0,,3.0,25.0,10.0,38.0,62.0,0,,0,0.24838709677419354,0.0,12.916666666666666,0.4637096774193548,0.37120872257100745,0,,0,120.0,4.0,0.0,0.0,0.0,0.0,24.0,0
108,<music21.stream.Score 0x7efed7b188e0>,bwv253,1,2.075,2.0,1.0,0.39375,0,0.3,0,,0,0.4307692307692308,0,0.11585365853658537,0,,3.0,23.0,10.0,31.0,64.0,0,,0,0.25,0.0,8.2,0.4878048780487805,0.268811859087282,0,,0,120.0,4.0,0.0,0.0,0.0,0.0,20.0,0
109,<music21.stream.Score 0x7efed7a7ee80>,bwv254,1,2.285,2.0,1.0,0.4,0,0.3,0,,0,0.4235294117647059,0,0.11764705882352941,0,,2.0,24.0,10.0,32.0,62.0,0,,0,0.19607843137254902,1.0,9.272727272727273,0.43137254901960786,0.16006609673780092,0,,0,120.0,4.0,0.0,0.0,0.0,0.0,22.0,0
110,<music21.stream.Score 0x7efed79c06a0>,bwv255,1,2.325925925925926,2.0,1.0,0.4222222222222222,0,0.22962962962962963,0,,0,0.48333333333333334,0,0.12949640287769784,0,,2.0,25.0,10.0,34.0,67.0,0,,0,0.2302158273381295,0.0,8.6875,0.460431654676259,0.14148172977911608,0,,0,120.0,4.0,0.0,0.0,0.0,0.0,16.0,0
111,<music21.stream.Score 0x7efed793c220>,bwv256,1,2.3168316831683167,2.0,1.0,0.4405940594059406,0,0.2079207920792079,0,,0,0.483695652173913,0,0.08737864077669903,0,,0.0,26.0,10.0,34.0,64.0,0,,0,0.16504854368932037,1.0,10.3,0.3883495145631068,0.14770968040121937,0,,0,120.0,4.0,0.0,0.0,0.0,0.0,20.0,0
112,<music21.stream.Score 0x7efed7877b50>,bwv257,1,2.0452261306532664,2.0,1.0,0.4824120603015075,0,0.18090452261306533,0,,0,0.4943820224719101,0,0.08866995073891626,0,,0.0,25.0,11.0,31.0,64.0,0,,0,0.18226600985221675,1.0,10.15,0.39408866995073893,0.13989627410012737,0,,0,120.0,4.0,0.0,0.0,0.0,0.0,20.0,0
113,<music21.stream.Score 0x7efed77e92b0>,bwv258,1,2.1122994652406417,2.0,1.0,0.4117647058823529,0,0.22994652406417113,0,,0,0.4876543209876543,0,0.07853403141361257,0,,0.0,26.0,11.0,33.0,74.0,0,,0,0.16230366492146597,1.0,9.55,0.418848167539267,0.1327743942713692,0,,0,120.0,4.0,0.0,0.0,0.0,0.0,20.0,0
114,<music21.stream.Score 0x7efed76ddfd0>,bwv259,1,2.3542600896860986,2.0,2.0,0.25112107623318386,0,0.45739910313901344,0,,0,0.4228571428571429,0,0.09251101321585903,0,,1.0,30.0,11.0,38.0,59.0,0,,0,0.17180616740088106,1.0,9.458333333333334,0.42290748898678415,0.21850897477781667,0,,0,120.0,4.0,0.0,0.0,0.0,0.0,24.0,0
115,<music21.stream.Score 0x7efed762c130>,bwv266,1,2.2131147540983607,2.0,2.0,0.3005464480874317,0,0.39344262295081966,0,,0,0.4626865671641791,0,0.09090909090909091,0,,1.0,35.0,12.0,41.0,57.0,0,,0,0.20855614973262032,1.0,9.35,0.42780748663101603,0.14897871702283028,0,,0,120.0,4.0,0.0,0.0,0.0,0.0,20.0,0
116,<music21.stream.Score 0x7efed75d35e0>,bwv260,1,2.4644549763033177,2.0,1.0,0.4834123222748815,0,0.16113744075829384,0,,0,0.494949494949495,0,0.10232558139534884,0,,2.0,25.0,11.0,31.0,62.0,0,,0,0.16279069767441862,0.0,10.75,0.37209302325581395,0.14388800779958816,0,,0,120.0,4.0,0.0,0.0,0.0,0.0,20.0,0
117,<music21.stream.Score 0x7efed753e520>,bwv261,1,2.2371134020618557,2.0,1.0,0.4054982817869416,0,0.23711340206185566,0,,0,0.4749034749034749,0,0.08813559322033898,0,,0.0,30.0,11.0,34.0,62.0,0,,0,0.16271186440677965,1.0,7.662337662337662,0.4745762711864407,0.22850339932863145,0,,0,120.0,4.0,0.0,0.0,0.0,0.0,38.5,0
118,<music21.stream.Score 0x7efed73c5340>,bwv262,1,1.9417989417989419,2.0,2.0,0.35978835978835977,0,0.3386243386243386,0,,0,0.4863013698630137,0,0.13989637305699482,0,,1.0,23.0,9.0,36.0,62.0,0,,0,0.24870466321243523,0.0,8.041666666666666,0.49740932642487046,0.22257565126217077,0,,0,120.0,4.0,0.0,0.0,0.0,0.0,24.0,0
119,<music21.stream.Score 0x7efed7328280>,bwv263,1,2.79295154185022,2.0,2.0,0.28193832599118945,0,0.45374449339207046,0,,0,0.41847826086956524,0,0.16017316017316016,0,,2.0,26.0,10.0,38.0,62.0,0,,0,0.2683982683982684,0.0,9.625,0.4155844155844156,0.18766215042157258,0,,0,120.0,4.0,0.0,0.0,0.0,0.0,24.0,0
120,<music21.stream.Score 0x7efed724f730>,bwv264,1,2.2028985507246377,2.0,1.0,0.34782608695652173,0,0.35507246376811596,0,,0,0.4956521739130435,0,0.1619718309859155,0,,3.0,22.0,9.0,36.0,62.0,0,,0,0.2535211267605634,0.0,7.1,0.5211267605633803,0.2747325167553806,0,,0,120.0,4.0,0.0,0.0,0.0,0.0,20.0,0
121,<music21.stream.Score 0x7efed7257be0>,bwv265,1,2.153284671532847,2.0,1.0,0.35766423357664234,0,0.2846715328467153,0,,0,0.4583333333333333,0,0.09929078014184398,0,,2.0,29.0,11.0,36.0,62.0,0,,0,0.2127659574468085,1.0,8.8125,0.45390070921985815,0.16268153220781645,0,,0,120.0,4.0,0.0,0.0,0.0,0.0,16.0,0
122,<music21.stream.Score 0x7efed70e7970>,bwv266,1,2.0474137931034484,2.0,1.0,0.33620689655172414,0,0.33189655172413796,0,,0,0.4690721649484536,0,0.13135593220338984,0,,2.0,23.0,9.0,31.0,64.0,0,,0,0.211864406779661,1.0,7.151515151515151,0.559322033898305,0.30993090759169056,0,,0,120.0,3.0,0.0,1.0,0.0,0.0,33.0,0
123,<music21.stream.Score 0x7efed702b2e0>,bwv267,1,2.2990654205607477,2.0,1.0,0.40809968847352024,0,0.2367601246105919,0,,0,0.4753521126760563,0,0.09538461538461539,0,,1.0,30.0,11.0,36.0,62.0,0,,0,0.17846153846153845,0.0,9.558823529411764,0.41846153846153844,0.1549985684224785,0,,0,120.0,4.0,0.0,0.0,0.0,0.0,34.0,0
124,<music21.stream.Score 0x7efed7006610>,bwv268,1,2.2489626556016598,2.0,1.0,0.4066390041493776,0,0.2987551867219917,0,,0,0.4485981308411215,0,0.09387755102040816,0,,2.0,29.0,11.0,38.0,66.0,0,,0,0.15918367346938778,0.0,11.136363636363637,0.35918367346938773,0.15993412846459668,0,,0,120.0,4.0,0.0,0.0,0.0,0.0,22.0,0
125,<music21.stream.Score 0x7efed6ec7430>,bwv269,1,2.018099547511312,2.0,1.0,0.43891402714932126,0,0.26244343891402716,0,,0,0.47150259067357514,0,0.13333333333333333,0,,2.0,21.0,8.0,32.0,62.0,0,,0,0.21333333333333332,0.0,7.142857142857143,0.56,0.27030846576951056,0,,0,120.0,3.0,0.0,1.0,0.0,0.0,31.5,0
126,<music21.stream.Score 0x7efed6d95820>,bwv276,1,1.9166666666666667,0.0,2.0,0.3368055555555556,0,0.5277777777777778,0,,0,0.4869109947643979,0,0.12627986348122866,0,,2.0,26.0,10.0,36.0,65.0,0,,0,0.20819112627986347,0.0,5.634615384615385,0.8737201365187713,0.6786672470781514,0,,0,120.0,4.0,0.0,0.0,0.0,1.0,52.0,0
127,<music21.stream.Score 0x7efed6c3a0d0>,bwv270,1,1.995049504950495,2.0,1.0,0.3712871287128713,0,0.3069306930693069,0,,0,0.45454545454545453,0,0.13106796116504854,0,,3.0,24.0,11.0,31.0,59.0,0,,0,0.18932038834951453,1.0,8.583333333333334,0.46601941747572817,0.26655967038430406,0,,0,120.0,4.0,0.0,0.0,0.0,0.0,24.0,0
128,<music21.stream.Score 0x7efed6b34fd0>,bwv271,1,2.2944162436548226,2.0,1.0,0.4213197969543147,0,0.23857868020304568,0,,0,0.4883720930232558,0,0.1044776119402985,0,,2.0,28.0,11.0,34.0,66.0,0,,0,0.1691542288557214,0.0,8.375,0.47761194029850745,0.26765290632718614,0,,0,120.0,4.0,0.0,0.0,0.0,0.0,24.0,0
129,<music21.stream.Score 0x7efed6a8b700>,bwv272,1,1.9894179894179893,2.0,1.0,0.38095238095238093,0,0.25396825396825395,0,,0,0.4873417721518987,0,0.09326424870466321,0,,2.0,34.0,12.0,38.0,62.0,0,,0,0.18134715025906736,1.0,8.041666666666666,0.49740932642487046,0.31141873800293235,0,,0,120.0,4.0,0.0,0.0,0.0,0.0,24.0,0
130,<music21.stream.Score 0x7efed69cd7f0>,bwv273,1,2.039408866995074,2.0,1.0,0.4039408866995074,0,0.3251231527093596,0,,0,0.453416149068323,0,0.10144927536231885,0,,1.0,26.0,10.0,34.0,65.0,0,,0,0.19806763285024154,1.0,10.35,0.3864734299516908,0.1527861314093572,0,,0,120.0,4.0,0.0,0.0,0.0,0.0,20.0,0
131,<music21.stream.Score 0x7efed6917ca0>,bwv274,1,2.1123595505617976,2.0,1.0,0.38202247191011235,0,0.30337078651685395,0,,0,0.5263157894736842,0,0.15384615384615385,0,,2.0,24.0,10.0,31.0,62.0,0,,0,0.19780219780219782,0.0,11.375,0.3516483516483517,0.14223501474798622,0,,0,120.0,4.0,0.0,0.0,0.0,0.0,16.0,0
132,<music21.stream.Score 0x7efed6841d60>,bwv275,1,1.9863636363636363,2.0,1.0,0.32727272727272727,0,0.2909090909090909,0,,0,0.46524064171123,0,0.12053571428571429,0,,3.0,30.0,12.0,33.0,64.0,0,,0,0.20535714285714285,1.0,7.466666666666667,0.5066964285714286,0.27817730533156476,0,,0,120.0,4.0,0.0,0.0,0.0,0.0,30.0,0
133,<music21.stream.Score 0x7efed68030d0>,bwv276,1,2.2900900900900902,2.0,1.0,0.42702702702702705,0,0.21081081081081082,0,,0,0.48406374501992033,0,0.10196779964221825,0,,2.0,34.0,12.0,38.0,57.0,0,,0,0.18246869409660108,0.0,9.474576271186441,0.4186046511627907,0.26963256528949187,0,,0,120.0,4.0,0.0,0.0,0.0,0.0,59.0,0
134,<music21.stream.Score 0x7efed6518e50>,bwv277,1,2.2733118971061095,2.0,1.0,0.35691318327974275,0,0.2733118971061093,0,,0,0.45357142857142857,0,0.1111111111111111,0,,3.0,32.0,11.0,38.0,62.0,0,,0,0.20952380952380953,1.0,9.692307692307692,0.40634920634920635,0.23158221542115476,0,,0,120.0,4.0,0.0,0.0,0.0,0.0,32.5,0
135,<music21.stream.Score 0x7efed643cb50>,bwv278,1,2.3443983402489628,2.0,1.0,0.4024896265560166,0,0.24066390041493776,0,,0,0.4751131221719457,0,0.11428571428571428,0,,2.0,30.0,11.0,35.0,59.0,0,,0,0.2122448979591837,1.0,10.208333333333334,0.3836734693877551,0.2289367070321814,0,,0,120.0,4.0,0.0,0.0,0.0,0.0,24.0,0
136,<music21.stream.Score 0x7efed633e1f0>,bwv279,1,2.314814814814815,2.0,1.0,0.3962962962962963,0,0.2962962962962963,0,,0,0.4595744680851064,0,0.08759124087591241,0,,0.0,31.0,11.0,38.0,66.0,0,,0,0.20802919708029197,1.0,8.5625,0.45985401459854014,0.18707939842751203,0,,0,120.0,4.0,0.0,0.0,0.0,0.0,32.0,0
137,<music21.stream.Score 0x7efed61da130>,bwv286,1,2.2135416666666665,2.0,1.0,0.3958333333333333,0,0.2708333333333333,0,,0,0.4720496894409938,0,0.11224489795918367,0,,2.0,25.0,10.0,33.0,64.0,0,,0,0.20918367346938774,1.0,8.166666666666666,0.4897959183673469,0.2877569112694607,0,,0,120.0,4.0,0.0,0.0,0.0,0.0,24.0,0
138,<music21.stream.Score 0x7efed6175790>,bwv280,1,2.4635036496350367,2.0,1.0,0.40145985401459855,0,0.25547445255474455,0,,0,0.4602510460251046,0,0.10071942446043165,0,,1.0,30.0,11.0,38.0,64.0,0,,0,0.1906474820143885,1.0,9.928571428571429,0.4028776978417266,0.13160872138950064,0,,0,120.0,4.0,0.0,0.0,0.0,0.0,28.0,0
139,<music21.stream.Score 0x7efed601d040>,bwv281,1,2.4827586206896552,2.0,1.0,0.3706896551724138,0,0.33620689655172414,0,,0,0.46078431372549017,0,0.13333333333333333,0,,3.0,25.0,9.0,36.0,65.0,0,,0,0.21666666666666667,0.0,7.5,0.5166666666666667,0.2556310275029661,0,,0,120.0,4.0,0.0,0.0,0.0,0.0,16.0,0
140,<music21.stream.Score 0x7efed5f98430>,bwv282,1,2.0945945945945947,2.0,1.0,0.36486486486486486,0,0.31756756756756754,0,,0,0.44715447154471544,0,0.09868421052631579,0,,2.0,28.0,11.0,36.0,67.0,0,,0,0.17105263157894735,0.0,5.333333333333333,0.6644736842105263,0.5056061233203749,0,,0,120.0,3.0,0.0,1.0,0.0,0.0,28.5,0
141,<music21.stream.Score 0x7efed5f32910>,bwv283,1,1.9348534201954397,2.0,1.0,0.42671009771986973,0,0.20521172638436483,0,,0,0.4891304347826087,0,0.09646302250803858,0,,2.0,33.0,11.0,39.0,62.0,0,,0,0.18971061093247588,1.0,9.147058823529411,0.43729903536977494,0.23569921421392787,0,,0,120.0,4.0,0.0,0.0,0.0,0.0,34.0,0
142,<music21.stream.Score 0x7efed5e09e50>,bwv284,1,2.2222222222222223,2.0,1.0,0.3888888888888889,0,0.25793650793650796,0,,0,0.4608294930875576,0,0.109375,0,,1.0,26.0,10.0,37.0,67.0,0,,0,0.19140625,0.0,8.533333333333333,0.46875,0.24356964481437338,0,,0,120.0,4.0,0.0,0.0,0.0,0.0,30.0,0
143,<music21.stream.Score 0x7efed5cf2820>,bwv285,1,1.9956709956709957,2.0,1.0,0.4069264069264069,0,0.2554112554112554,0,,0,0.507537688442211,0,0.14042553191489363,0,,2.0,29.0,11.0,38.0,67.0,0,,0,0.225531914893617,1.0,9.791666666666666,0.4085106382978723,0.16513023517114508,0,,0,120.0,4.0,0.0,0.0,0.0,0.0,24.0,0
144,<music21.stream.Score 0x7efed5c091f0>,bwv286,1,1.9898989898989898,2.0,1.0,0.3838383838383838,0,0.29292929292929293,0,,0,0.46835443037974683,0,0.13592233009708737,0,,1.0,25.0,10.0,36.0,64.0,0,,0,0.23300970873786406,1.0,8.583333333333334,0.46601941747572817,0.16724692404807975,0,,0,120.0,4.0,0.0,0.0,0.0,0.0,12.0,0
145,<music21.stream.Score 0x7efed5b5f490>,bwv287,1,2.090909090909091,2.0,1.0,0.43434343434343436,0,0.26262626262626265,0,,0,0.46107784431137727,0,0.13861386138613863,0,,1.0,23.0,10.0,29.0,60.0,0,,0,0.24257425742574257,0.0,8.416666666666666,0.4752475247524752,0.29852141923385983,0,,0,120.0,4.0,0.0,0.0,0.0,0.0,24.0,0
146,<music21.stream.Score 0x7efed5ac5af0>,bwv288,1,2.066390041493776,2.0,1.0,0.3278008298755187,0,0.27385892116182575,0,,0,0.4857142857142857,0,0.11020408163265306,0,,3.0,31.0,12.0,32.0,62.0,0,,0,0.18775510204081636,1.0,10.208333333333334,0.39183673469387753,0.16299084072660755,0,,0,120.0,4.0,0.0,0.0,0.0,0.0,24.0,0
147,<music21.stream.Score 0x7efed59b3be0>,bwv289,1,2.1023255813953488,2.0,1.0,0.31627906976744186,0,0.3023255813953488,0,,0,0.4180790960451977,0,0.1141552511415525,0,,2.0,36.0,12.0,37.0,66.0,0,,0,0.2009132420091324,1.0,9.125,0.4383561643835616,0.12718964769298333,0,,0,120.0,4.0,0.0,0.0,0.0,0.0,24.0,0
148,<music21.stream.Score 0x7efed589d850>,bwv298,1,2.3572854291417165,2.0,1.0,0.40718562874251496,0,0.2634730538922156,0,,0,0.4361948955916473,0,0.11198428290766209,0,,1.0,33.0,12.0,40.0,69.0,0,,0,0.21611001964636542,0.0,9.425925925925926,0.5137524557956779,0.295774873268562,0,,0,120.0,3.0,0.0,1.0,0.0,0.0,54.0,0
149,<music21.stream.Score 0x7efed55fe280>,bwv290,1,2.2222222222222223,2.0,1.0,0.3402777777777778,0,0.3541666666666667,0,,0,0.4830508474576271,0,0.12837837837837837,0,,2.0,23.0,9.0,36.0,65.0,0,,0,0.24324324324324326,0.0,9.25,0.43243243243243246,0.13966234194996208,0,,0,120.0,4.0,0.0,0.0,0.0,0.0,16.0,0
150,<music21.stream.Score 0x7efed5595a90>,bwv291,1,1.8833333333333333,2.0,1.0,0.36666666666666664,0,0.3111111111111111,0,,0,0.46853146853146854,0,0.1358695652173913,0,,1.0,27.0,10.0,36.0,60.0,0,,0,0.1902173913043478,1.0,8.363636363636363,0.4673913043478261,0.25025093738788684,0,,0,120.0,4.0,0.0,0.0,0.0,0.0,22.0,0
151,<music21.stream.Score 0x7efed54c9fd0>,bwv292,1,2.3821138211382116,2.0,1.0,0.4146341463414634,0,0.23170731707317074,0,,0,0.4155251141552511,0,0.108,0,,2.0,26.0,9.0,40.0,60.0,0,,0,0.196,0.0,8.928571428571429,0.448,0.2707323401442835,0,,0,120.0,4.0,0.0,0.0,0.0,0.0,28.0,0
152,<music21.stream.Score 0x7efed53c4a60>,bwv293,1,2.232394366197183,2.0,1.0,0.4507042253521127,0,0.22535211267605634,0,,0,0.4806201550387597,0,0.1232876712328767,0,,3.0,21.0,10.0,29.0,62.0,0,,0,0.2328767123287671,0.0,9.125,0.4383561643835616,0.1563760281757654,0,,0,120.0,4.0,0.0,0.0,0.0,0.0,16.0,0
153,<music21.stream.Score 0x7efed5347a90>,bwv294,1,2.2664359861591694,2.0,1.0,0.3875432525951557,0,0.28027681660899656,0,,0,0.4538152610441767,0,0.11262798634812286,0,,1.0,27.0,9.0,38.0,62.0,0,,0,0.1945392491467577,0.0,9.15625,0.43686006825938567,0.19502700664300793,0,,0,120.0,4.0,0.0,0.0,0.0,0.0,32.0,0
154,<music21.stream.Score 0x7efed5210e20>,bwv295,1,2.1186440677966103,2.0,1.0,0.3559322033898305,0,0.2994350282485876,0,,0,0.4897959183673469,0,0.13812154696132597,0,,2.0,28.0,12.0,32.0,62.0,0,,0,0.2154696132596685,1.0,7.541666666666667,0.5303867403314917,0.3315406271461924,0,,0,120.0,3.0,0.0,1.0,0.0,0.0,24.0,0
155,<music21.stream.Score 0x7efed51679d0>,bwv296,1,2.2688172043010755,2.0,1.0,0.3924731182795699,0,0.26881720430107525,0,,0,0.453416149068323,0,0.11052631578947368,0,,3.0,26.0,10.0,36.0,62.0,0,,0,0.18421052631578946,0.0,6.666666666666667,0.5473684210526316,0.3268061892292733,0,,0,120.0,4.0,0.0,0.0,0.0,0.0,28.5,0
156,<music21.stream.Score 0x7efed5060b50>,bwv297,1,2.4504950495049505,2.0,1.0,0.3118811881188119,0,0.3217821782178218,0,,0,0.4619883040935672,0,0.10194174757281553,0,,3.0,32.0,11.0,38.0,62.0,0,,0,0.18932038834951453,1.0,9.155555555555555,0.4368932038834951,0.17494259322613973,0,,0,120.0,4.0,0.0,0.0,0.0,0.0,22.5,0
157,<music21.stream.Score 0x7efed4f7b490>,bwv298,1,1.8555555555555556,2.0,1.0,0.4166666666666667,0,0.21666666666666667,0,,0,0.48322147651006714,0,0.10326086956521739,0,,2.0,25.0,11.0,31.0,67.0,0,,0,0.1793478260869565,0.0,9.945945945945946,0.40217391304347827,0.17947130136911268,0,,0,120.0,4.0,0.0,0.0,0.0,0.0,18.5,0
158,<music21.stream.Score 0x7efed4ea5a60>,bwv299,1,2.5410628019323673,2.0,1.0,0.34782608695652173,0,0.3526570048309179,0,,0,0.4659090909090909,0,0.11848341232227488,0,,2.0,26.0,10.0,38.0,70.0,0,,0,0.2085308056872038,0.0,8.791666666666666,0.4549763033175355,0.23036417574549922,0,,0,120.0,3.0,0.0,1.0,0.0,0.0,24.0,0
159,<music21.stream.Score 0x7efed4e3b460>,bwv36,1,2.361963190184049,2.0,1.0,0.44785276073619634,0,0.2147239263803681,0,,0,0.5675675675675675,0,0.10179640718562874,0,,1.0,22.0,10.0,29.0,64.0,0,,0,0.17964071856287425,0.0,10.4375,0.38323353293413176,0.1247285409816958,0,,0,120.0,4.0,0.0,0.0,0.0,0.0,16.0,0
160,<music21.stream.Score 0x7efed4d91370>,bwv306,1,2.2393162393162394,2.0,1.0,0.43162393162393164,0,0.2564102564102564,0,,0,0.5297029702970297,0,0.10084033613445378,0,,1.0,32.0,11.0,38.0,64.0,0,,0,0.1680672268907563,0.0,8.5,0.47058823529411764,0.2973561204727424,0,,0,120.0,4.0,0.0,0.0,0.0,0.0,28.0,0
161,<music21.stream.Score 0x7efed4be0ca0>,bwv300,1,2.0358744394618835,2.0,1.0,0.37668161434977576,0,0.3183856502242152,0,,0,0.4438202247191011,0,0.11894273127753303,0,,3.0,25.0,10.0,34.0,67.0,0,,0,0.18061674008810574,1.0,7.09375,0.5198237885462555,0.2586992449660403,0,,0,120.0,4.0,0.0,0.0,0.0,0.0,32.0,0
162,<music21.stream.Score 0x7efed4c083a0>,bwv301,1,2.1141552511415527,2.0,1.0,0.3698630136986301,0,0.2785388127853881,0,,0,0.4627659574468085,0,0.1031390134529148,0,,3.0,36.0,12.0,39.0,65.0,0,,0,0.19730941704035873,1.0,7.964285714285714,0.5022421524663677,0.3057199759486148,0,,0,120.0,4.0,0.0,0.0,0.0,0.0,28.0,0
163,<music21.stream.Score 0x7efed4a50b50>,bwv302,1,2.347826086956522,2.0,1.0,0.46956521739130436,0,0.23478260869565218,0,,0,0.4688995215311005,0,0.10256410256410256,0,,2.0,25.0,10.0,36.0,62.0,0,,0,0.19230769230769232,0.0,9.75,0.41025641025641024,0.16041658661848973,0,,0,120.0,4.0,0.0,0.0,0.0,0.0,24.0,0
164,<music21.stream.Score 0x7efed48d8850>,bwv303,1,2.3659574468085105,2.0,1.0,0.42127659574468085,0,0.25957446808510637,0,,0,0.44976076555023925,0,0.09623430962343096,0,,1.0,24.0,10.0,31.0,62.0,0,,0,0.18828451882845187,0.0,10.863636363636363,0.3682008368200837,0.12637654368702608,0,,0,120.0,4.0,0.0,0.0,0.0,0.0,22.0,0
165,<music21.stream.Score 0x7efed48ce670>,bwv304,1,1.9625668449197862,2.0,2.0,0.3716577540106952,0,0.32620320855614976,0,,0,0.42758620689655175,0,0.12433862433862433,0,,4.0,23.0,11.0,31.0,57.0,0,,0,0.19047619047619047,0.0,9.333333333333334,0.42592592592592593,0.20283001670623782,0,,0,120.0,4.0,0.0,0.0,0.0,1.0,40.5,0
166,<music21.stream.Score 0x7efed47f3190>,bwv305,1,2.229090909090909,2.0,1.0,0.3890909090909091,0,0.24363636363636362,0,,0,0.45188284518828453,0,0.11469534050179211,0,,2.0,30.0,12.0,36.0,64.0,0,,0,0.1827956989247312,1.0,10.73076923076923,0.3727598566308244,0.15855784772972278,0,,0,120.0,4.0,0.0,0.0,0.0,0.0,26.0,0
167,<music21.stream.Score 0x7efed45bee20>,bwv306,1,2.2872340425531914,2.0,1.0,0.46808510638297873,0,0.19680851063829788,0,,0,0.4742857142857143,0,0.09895833333333333,0,,1.0,23.0,10.0,31.0,65.0,0,,0,0.171875,0.0,8.0,0.5,0.28697869404074816,0,,0,120.0,3.0,0.0,1.0,0.0,0.0,24.0,0
168,<music21.stream.Score 0x7efed453c4c0>,bwv307,1,2.0,2.0,1.0,0.45263157894736844,0,0.2736842105263158,0,,0,0.46153846153846156,0,0.10824742268041238,0,,2.0,22.0,8.0,34.0,65.0,0,,0,0.21649484536082475,0.0,9.7,0.41237113402061853,0.13451534382164834,0,,0,120.0,4.0,0.0,0.0,0.0,0.0,20.0,0
169,<music21.stream.Score 0x7efed43edc70>,bwv308,1,2.146892655367232,2.0,1.0,0.4180790960451977,0,0.23163841807909605,0,,0,0.46,0,0.14917127071823205,0,,1.0,24.0,9.0,36.0,65.0,0,,0,0.22651933701657456,0.0,9.05,0.4419889502762431,0.1720791604087037,0,,0,120.0,4.0,0.0,0.0,0.0,0.0,20.0,0
170,<music21.stream.Score 0x7efed43478e0>,bwv309,1,2.1101321585903086,1.0,1.0,0.32599118942731276,0,0.29955947136563876,0,,0,0.5051546391752577,0,0.15151515151515152,0,,2.0,27.0,12.0,34.0,62.0,0,,0,0.21645021645021645,1.0,8.884615384615385,0.45021645021645024,0.22119793077213726,0,,0,120.0,4.0,0.0,0.0,0.0,0.0,26.0,0
171,<music21.stream.Score 0x7efed4251700>,bwv319,1,2.6045845272206303,2.0,1.0,0.44126074498567336,0,0.22922636103151864,0,,0,0.49050632911392406,0,0.096045197740113,0,,1.0,32.0,9.0,47.0,60.0,0,,0,0.2231638418079096,0.0,11.8,0.423728813559322,0.27968241657553344,0,,0,120.0,4.0,0.0,0.0,0.0,0.0,30.0,0
172,<music21.stream.Score 0x7efed4113fd0>,bwv310,1,2.1890243902439024,2.0,1.0,0.4146341463414634,0,0.23170731707317074,0,,0,0.4827586206896552,0,0.125,0,,2.0,26.0,10.0,34.0,64.0,0,,0,0.1845238095238095,1.0,8.4,0.47619047619047616,0.3301425729601161,0,,0,120.0,4.0,0.0,0.0,0.0,0.0,20.0,0
173,<music21.stream.Score 0x7efed4036ac0>,bwv311,1,1.930795847750865,2.0,1.0,0.43944636678200694,0,0.18339100346020762,0,,0,0.48846153846153845,0,0.10238907849829351,0,,1.0,31.0,11.0,36.0,66.0,0,,0,0.16382252559726962,1.0,8.617647058823529,0.45733788395904434,0.24063853870950497,0,,0,120.0,4.0,0.0,0.0,0.0,0.0,34.0,0
174,<music21.stream.Score 0x7efed3ef6e50>,bwv312,1,2.1925465838509317,2.0,1.0,0.41304347826086957,0,0.1956521739130435,0,,0,0.4798657718120805,0,0.1165644171779141,0,,1.0,31.0,12.0,36.0,64.0,0,,0,0.18404907975460122,1.0,10.1875,0.38650306748466257,0.21597875021107465,0,,0,120.0,4.0,0.0,0.0,0.0,0.0,32.0,0
175,<music21.stream.Score 0x7efed3da4bb0>,bwv313,1,2.098445595854922,2.0,1.0,0.40932642487046633,0,0.21243523316062177,0,,0,0.47928994082840237,0,0.10152284263959391,0,,2.0,28.0,12.0,34.0,67.0,0,,0,0.2081218274111675,1.0,10.944444444444445,0.36548223350253806,0.17584501118446108,0,,0,120.0,4.0,0.0,0.0,0.0,0.0,18.0,0
176,<music21.stream.Score 0x7efed3ce6b50>,bwv314,1,2.0648648648648646,2.0,1.0,0.40540540540540543,0,0.24864864864864866,0,,0,0.49032258064516127,0,0.13756613756613756,0,,2.0,25.0,10.0,33.0,64.0,0,,0,0.19576719576719576,1.0,9.45,0.42328042328042326,0.19133084641885434,0,,0,120.0,4.0,0.0,0.0,0.0,0.0,20.0,0
177,<music21.stream.Score 0x7efed3c3e4c0>,bwv315,1,2.36144578313253,2.0,1.0,0.3895582329317269,0,0.23293172690763053,0,,0,0.4663677130044843,0,0.11067193675889328,0,,2.0,29.0,11.0,36.0,64.0,0,,0,0.1818181818181818,1.0,10.541666666666666,0.36363636363636365,0.17412065401883495,0,,0,120.0,4.0,0.0,0.0,0.0,0.0,24.0,0
178,<music21.stream.Score 0x7efed3b51a30>,bwv316,1,2.3676470588235294,2.0,1.0,0.4019607843137255,0,0.2647058823529412,0,,0,0.46774193548387094,0,0.09134615384615384,0,,2.0,31.0,11.0,37.0,67.0,0,,0,0.1778846153846154,1.0,10.4,0.38461538461538464,0.14314495125922505,0,,0,120.0,4.0,0.0,0.0,0.0,0.0,20.0,0
179,<music21.stream.Score 0x7efed3b015b0>,bwv317,1,2.072992700729927,2.0,1.0,0.41605839416058393,0,0.2664233576642336,0,,0,0.45454545454545453,0,0.13309352517985612,0,,3.0,26.0,10.0,36.0,57.0,0,,0,0.22302158273381295,0.0,8.6875,0.460431654676259,0.1786968032371875,0,,0,120.0,4.0,0.0,0.0,0.0,0.0,32.0,0
180,<music21.stream.Score 0x7efed38da6d0>,bwv318,1,2.4615384615384617,2.0,1.0,0.4717948717948718,0,0.21025641025641026,0,,0,0.4946236559139785,0,0.10552763819095477,0,,2.0,26.0,9.0,36.0,62.0,0,,0,0.19597989949748745,0.0,7.653846153846154,0.5226130653266332,0.307910703021716,0,,0,120.0,4.0,0.0,0.0,0.0,0.0,26.0,0
181,<music21.stream.Score 0x7efed381b400>,bwv319,1,2.305,2.0,1.0,0.425,0,0.24,0,,0,0.5056179775280899,0,0.15196078431372548,0,,3.0,25.0,10.0,34.0,64.0,0,,0,0.22058823529411764,1.0,9.272727272727273,0.43137254901960786,0.22389944003155451,0,,0,120.0,4.0,0.0,0.0,0.0,0.0,22.0,0
182,<music21.stream.Score 0x7efed37799a0>,bwv326,1,2.2403846153846154,2.0,1.0,0.46153846153846156,0,0.2403846153846154,0,,0,0.5,0,0.13679245283018868,0,,2.0,22.0,9.0,33.0,62.0,0,,0,0.21698113207547168,0.0,8.153846153846153,0.49056603773584906,0.22367146640620136,0,,0,120.0,4.0,0.0,0.0,0.0,0.0,26.0,0
183,<music21.stream.Score 0x7efed36662b0>,bwv320,1,2.4759358288770055,2.0,1.0,0.3770053475935829,0,0.2887700534759358,0,,0,0.4617737003058104,0,0.1111111111111111,0,,2.0,28.0,10.0,36.0,65.0,0,,0,0.18783068783068782,0.0,6.631578947368421,0.6031746031746031,0.2902798798869301,0,,0,120.0,3.0,0.0,1.0,0.0,0.0,57.0,0
184,<music21.stream.Score 0x7efed3546040>,bwv321,1,2.527027027027027,2.0,1.0,0.27702702702702703,0,0.4189189189189189,0,,0,0.4715447154471545,0,0.14473684210526316,0,,1.0,24.0,8.0,36.0,65.0,0,,0,0.23026315789473684,0.0,6.333333333333333,0.631578947368421,0.3358969830781414,0,,0,120.0,3.0,0.0,1.0,0.0,0.0,24.0,0
185,<music21.stream.Score 0x7efed346e4f0>,bwv322,1,2.391691394658754,2.0,1.0,0.4332344213649852,0,0.228486646884273,0,,0,0.45098039215686275,0,0.10850439882697947,0,,2.0,26.0,10.0,38.0,67.0,0,,0,0.22287390029325513,0.0,8.525,0.4633431085043988,0.26257544010949496,0,,0,120.0,4.0,0.0,0.0,0.0,0.0,40.0,0
186,<music21.stream.Score 0x7efed32e3bb0>,bwv323,1,1.9473684210526316,2.0,1.0,0.3263157894736842,0,0.3368421052631579,0,,0,0.43037974683544306,0,0.1111111111111111,0,,2.0,24.0,10.0,34.0,66.0,0,,0,0.17171717171717174,1.0,4.5,0.8888888888888888,0.5530245375835258,0,,0,120.0,4.0,0.0,0.0,0.0,0.0,22.0,0
187,<music21.stream.Score 0x7efed32a6580>,bwv324,1,1.6,0.0,2.0,0.39,0,0.54,0,,0,0.4262295081967213,0,0.14423076923076922,0,,4.0,21.0,8.0,34.0,62.0,0,,0,0.25,1.0,4.9523809523809526,0.8076923076923077,0.45630040452710274,0,,0,120.0,4.0,0.0,0.0,0.0,0.0,21.0,0
188,<music21.stream.Score 0x7efed328b070>,bwv325,1,2.414035087719298,2.0,1.0,0.4105263157894737,0,0.28421052631578947,0,,0,0.44841269841269843,0,0.09342560553633218,0,,1.0,26.0,8.0,41.0,65.0,0,,0,0.20415224913494812,0.0,8.5,0.45674740484429066,0.26321043300644104,0,,0,120.0,4.0,0.0,0.0,0.0,0.0,34.0,0
189,<music21.stream.Score 0x7efed32022e0>,bwv326,1,2.118918918918919,2.0,1.0,0.3945945945945946,0,0.2810810810810811,0,,0,0.4585987261146497,0,0.10052910052910052,0,,2.0,25.0,8.0,39.0,65.0,0,,0,0.19047619047619047,0.0,7.875,0.5079365079365079,0.2919836847483675,0,,0,120.0,3.0,0.0,1.0,0.0,0.0,24.0,0
190,<music21.stream.Score 0x7efed30840d0>,bwv327,1,2.2344827586206897,2.0,1.0,0.35172413793103446,0,0.3724137931034483,0,,0,0.46218487394957986,0,0.12080536912751678,0,,2.0,24.0,9.0,34.0,69.0,0,,0,0.2080536912751678,0.0,6.208333333333333,0.6442953020134228,0.23204158107342837,0,,0,120.0,3.0,0.0,1.0,0.0,0.0,24.0,0
191,<music21.stream.Score 0x7efed2f89730>,bwv328,1,2.3004158004158004,2.0,1.0,0.4158004158004158,0,0.25467775467775466,0,,0,0.4783118405627198,0,0.10973084886128365,0,,2.0,32.0,12.0,38.0,62.0,0,,0,0.16459627329192547,1.0,10.010362694300518,0.39751552795031053,0.24005377517605106,0,,0,120.0,4.0,0.0,0.0,0.0,0.0,96.5,0
192,<music21.stream.Score 0x7efed2d60250>,bwv329,1,2.3438914027149322,2.0,1.0,0.4253393665158371,0,0.2669683257918552,0,,0,0.46596858638743455,0,0.12444444444444444,0,,2.0,27.0,10.0,38.0,58.0,0,,0,0.21777777777777776,0.0,8.035714285714286,0.49777777777777776,0.3199315127328131,0,,0,120.0,4.0,0.0,0.0,0.0,0.0,28.0,0
193,<music21.stream.Score 0x7efed2a99580>,bwv336,1,2.157190635451505,2.0,1.0,0.44816053511705684,0,0.22073578595317725,0,,0,0.4830188679245283,0,0.10561056105610561,0,,1.0,32.0,11.0,39.0,64.0,0,,0,0.19141914191419143,0.0,9.46875,0.4158415841584158,0.17599514691065862,0,,0,120.0,4.0,0.0,0.0,0.0,0.0,32.0,0
194,<music21.stream.Score 0x7efed2a13130>,bwv330,1,2.557471264367816,2.0,1.0,0.3793103448275862,0,0.25287356321839083,0,,0,0.4591194968553459,0,0.09550561797752809,0,,1.0,30.0,10.0,39.0,69.0,0,,0,0.20224719101123595,1.0,10.17142857142857,0.39325842696629215,0.24685562027316071,0,,0,120.0,4.0,0.0,0.0,0.0,0.0,17.5,0
195,<music21.stream.Score 0x7efed2931520>,bwv331,1,2.23972602739726,2.0,1.0,0.3493150684931507,0,0.3082191780821918,0,,0,0.4435483870967742,0,0.11333333333333333,0,,2.0,26.0,10.0,34.0,69.0,0,,0,0.2,1.0,7.5,0.5333333333333333,0.3296673407475414,0,,0,120.0,4.0,0.0,0.0,0.0,0.0,20.0,0
196,<music21.stream.Score 0x7efed28bc700>,bwv332,1,2.2567567567567566,2.0,1.0,0.3581081081081081,0,0.3310810810810811,0,,0,0.5163934426229508,0,0.14473684210526316,0,,2.0,25.0,10.0,34.0,62.0,0,,0,0.23026315789473684,0.0,9.5,0.42105263157894735,0.12308083509124806,0,,0,120.0,4.0,0.0,0.0,0.0,0.0,16.0,0
197,<music21.stream.Score 0x7efed27fc580>,bwv333,1,2.357843137254902,2.0,1.0,0.3382352941176471,0,0.2549019607843137,0,,0,0.45698924731182794,0,0.1201923076923077,0,,2.0,25.0,10.0,32.0,62.0,0,,0,0.1875,1.0,10.4,0.38461538461538464,0.17351040800594797,0,,0,120.0,4.0,0.0,0.0,0.0,0.0,20.0,0
198,<music21.stream.Score 0x7efed280c310>,bwv334,1,2.305,2.0,1.0,0.355,0,0.24,0,,0,0.4519774011299435,0,0.13725490196078433,0,,1.0,27.0,11.0,33.0,62.0,0,,0,0.22058823529411764,1.0,9.272727272727273,0.43137254901960786,0.2299745903086255,0,,0,120.0,4.0,0.0,0.0,0.0,0.0,22.0,0
199,<music21.stream.Score 0x7efed2651b20>,bwv335,1,2.32,2.0,1.0,0.3933333333333333,0,0.24666666666666667,0,,0,0.5378787878787878,0,0.09740259740259741,0,,1.0,30.0,12.0,38.0,64.0,0,,0,0.17532467532467533,1.0,9.625,0.4155844155844156,0.13277990290050995,0,,0,120.0,4.0,0.0,0.0,0.0,0.0,16.0,0
200,<music21.stream.Score 0x7efed25f0250>,bwv336,1,1.868421052631579,2.0,1.0,0.375,0,0.28289473684210525,0,,0,0.4583333333333333,0,0.10897435897435898,0,,3.0,28.0,11.0,33.0,64.0,0,,0,0.1794871794871795,0.0,9.75,0.41025641025641024,0.13411843559556202,0,,0,120.0,4.0,0.0,0.0,0.0,0.0,16.0,0
201,<music21.stream.Score 0x7efed24c74f0>,bwv337,1,1.75,2.0,1.0,0.44387755102040816,0,0.24489795918367346,0,,0,0.4782608695652174,0,0.095,0,,1.0,29.0,12.0,36.0,64.0,0,,0,0.165,1.0,8.333333333333334,0.48,0.2754087870784082,0,,0,120.0,4.0,0.0,0.0,0.0,0.0,24.0,0
202,<music21.stream.Score 0x7efed240b6a0>,bwv338,1,1.9743589743589745,2.0,1.0,0.358974358974359,0,0.26153846153846155,0,,0,0.4431137724550898,0,0.1507537688442211,0,,2.0,27.0,11.0,30.0,64.0,0,,0,0.21608040201005024,1.0,9.95,0.4020100502512563,0.175373914677308,0,,0,120.0,4.0,0.0,0.0,0.0,0.0,20.0,0
203,<music21.stream.Score 0x7efed232a310>,bwv339,1,2.228855721393035,2.0,1.0,0.4129353233830846,0,0.22388059701492538,0,,0,0.44021739130434784,0,0.09268292682926829,0,,1.0,30.0,12.0,36.0,64.0,0,,0,0.18048780487804877,0.0,7.884615384615385,0.4585365853658537,0.23482023197424418,0,,0,120.0,4.0,0.0,0.0,0.0,0.0,26.0,0
204,<music21.stream.Score 0x7efed223c1f0>,bwv340,1,2.224438902743142,2.0,1.0,0.3865336658354115,0,0.26932668329177056,0,,0,0.4463768115942029,0,0.1111111111111111,0,,1.0,30.0,12.0,34.0,64.0,0,,0,0.18024691358024691,0.0,10.657894736842104,0.37530864197530867,0.13763286662239865,0,,0,120.0,4.0,0.0,0.0,0.0,0.0,38.0,0
205,<music21.stream.Score 0x7efed20d4be0>,bwv341,1,2.4855072463768115,2.0,1.0,0.4492753623188406,0,0.21739130434782608,0,,0,0.4806201550387597,0,0.1056338028169014,0,,2.0,26.0,10.0,33.0,62.0,0,,0,0.17605633802816903,1.0,7.888888888888889,0.4788732394366197,0.2806759913152061,0,,0,120.0,4.0,0.0,0.0,0.0,0.0,18.0,0
206,<music21.stream.Score 0x7efed204fb20>,bwv342,1,1.8495575221238938,2.0,1.0,0.38495575221238937,0,0.252212389380531,0,,0,0.5185185185185185,0,0.1,0,,1.0,26.0,11.0,34.0,64.0,0,,0,0.21304347826086956,1.0,6.388888888888889,0.6260869565217392,0.31428648147599875,0,,0,120.0,3.0,0.0,1.0,0.0,0.0,36.0,0
207,<music21.stream.Score 0x7efed1f191c0>,bwv343,1,2.469298245614035,2.0,1.0,0.40789473684210525,0,0.20614035087719298,0,,0,0.45161290322580644,0,0.11206896551724138,0,,2.0,26.0,10.0,36.0,62.0,0,,0,0.1724137931034483,1.0,7.365079365079365,0.5431034482758621,0.31554697664669207,0,,0,120.0,3.0,0.0,1.0,0.0,0.0,31.5,0
208,<music21.stream.Score 0x7efed1e1b8b0>,bwv344,1,2.2413793103448274,2.0,1.0,0.3146551724137931,0,0.375,0,,0,0.4222222222222222,0,0.1228813559322034,0,,2.0,29.0,9.0,41.0,62.0,0,,0,0.211864406779661,1.0,6.555555555555555,0.6101694915254238,0.3096990968579933,0,,0,120.0,3.0,0.0,1.0,0.0,0.0,36.0,0
209,<music21.stream.Score 0x7efed1d29b20>,bwv345,1,2.23,2.0,1.0,0.32,0,0.29,0,,0,0.4502923976608187,0,0.09313725490196079,0,,2.0,33.0,12.0,36.0,67.0,0,,0,0.19607843137254902,1.0,10.2,0.39215686274509803,0.1646996818394036,0,,0,120.0,4.0,0.0,0.0,0.0,0.0,20.0,0
210,<music21.stream.Score 0x7efed1c40dc0>,bwv346,1,2.275,2.0,1.0,0.3541666666666667,0,0.2875,0,,0,0.45410628019323673,0,0.09836065573770492,0,,3.0,28.0,12.0,36.0,60.0,0,,0,0.18852459016393444,0.0,8.0,0.48360655737704916,0.26489965800177967,0,,0,120.0,4.0,0.0,0.0,0.0,0.0,30.5,0
211,<music21.stream.Score 0x7efed1b348b0>,bwv347,1,2.4,2.0,1.0,0.4711111111111111,0,0.17333333333333334,0,,0,0.4354066985645933,0,0.11353711790393013,0,,1.0,26.0,10.0,36.0,64.0,0,,0,0.17903930131004367,0.0,8.807692307692308,0.45414847161572053,0.25795051277163367,0,,0,120.0,4.0,0.0,0.0,0.0,0.0,26.0,0
212,<music21.stream.Score 0x7efed1b0b0d0>,bwv348,1,2.3690036900369003,2.0,1.0,0.3985239852398524,0,0.24354243542435425,0,,0,0.4605809128630705,0,0.12727272727272726,0,,2.0,27.0,10.0,36.0,65.0,0,,0,0.20363636363636364,0.0,8.59375,0.46545454545454545,0.17499940968023223,0,,0,120.0,4.0,0.0,0.0,0.0,0.0,32.0,0
213,<music21.stream.Score 0x7efed196d370>,bwv349,1,2.1019108280254777,2.0,1.0,0.39490445859872614,0,0.27388535031847133,0,,0,0.4883720930232558,0,0.14906832298136646,0,,2.0,23.0,9.0,33.0,65.0,0,,0,0.24844720496894407,0.0,6.708333333333333,0.5962732919254659,0.3631001262861788,0,,0,120.0,3.0,0.0,1.0,0.0,0.0,24.0,0
214,<music21.stream.Score 0x7efed1909370>,bwv350,1,2.0314285714285716,2.0,1.0,0.39714285714285713,0,0.23714285714285716,0,,0,0.49032258064516127,0,0.12994350282485875,0,,3.0,27.0,11.0,33.0,62.0,0,,0,0.20056497175141244,1.0,9.833333333333334,0.4067796610169492,0.18304725095860058,0,,0,120.0,4.0,0.0,0.0,0.0,0.0,36.0,0
215,<music21.stream.Score 0x7efed1847550>,bwv351,1,1.6724137931034482,1.0,1.0,0.2988505747126437,0,0.3735632183908046,0,,0,0.4883720930232558,0,0.1348314606741573,0,,2.0,27.0,11.0,34.0,62.0,0,,0,0.19662921348314605,1.0,9.88888888888889,0.4044943820224719,0.13319020981630084,0,,0,120.0,4.0,0.0,0.0,0.0,0.0,18.0,0
216,<music21.stream.Score 0x7efed1622790>,bwv352,1,2.1666666666666665,2.0,1.0,0.41025641025641024,0,0.20512820512820512,0,,0,0.41232227488151657,0,0.10084033613445378,0,,1.0,28.0,11.0,34.0,64.0,0,,0,0.18487394957983191,1.0,9.916666666666666,0.40336134453781514,0.19272276125936946,0,,0,120.0,4.0,0.0,0.0,0.0,0.0,24.0,0
217,<music21.stream.Score 0x7efed15fb2e0>,bwv353,1,2.185344827586207,2.0,1.0,0.36637931034482757,0,0.2974137931034483,0,,0,0.42857142857142855,0,0.13559322033898305,0,,2.0,26.0,10.0,34.0,62.0,0,,0,0.19915254237288135,1.0,8.428571428571429,0.4745762711864407,0.29899165020878177,0,,0,120.0,4.0,0.0,0.0,0.0,0.0,28.0,0
218,<music21.stream.Score 0x7efed147aa90>,bwv354,1,2.1515151515151514,2.0,1.0,0.4329004329004329,0,0.22510822510822512,0,,0,0.424390243902439,0,0.10638297872340426,0,,1.0,28.0,11.0,34.0,65.0,0,,0,0.19574468085106383,1.0,9.791666666666666,0.4085106382978723,0.18488614925055624,0,,0,120.0,4.0,0.0,0.0,0.0,0.0,24.0,0
219,<music21.stream.Score 0x7efed143e220>,bwv355,1,2.116788321167883,2.0,1.0,0.39416058394160586,0,0.2773722627737226,0,,0,0.4592274678111588,0,0.11151079136690648,0,,1.0,29.0,11.0,36.0,64.0,0,,0,0.20143884892086333,0.0,8.6875,0.460431654676259,0.2468488323819685,0,,0,120.0,4.0,0.0,0.0,0.0,0.0,32.0,0
220,<music21.stream.Score 0x7efed1297730>,bwv356,1,2.693396226415094,2.0,1.0,0.3915094339622642,0,0.22641509433962265,0,,0,0.45685279187817257,0,0.10185185185185185,0,,2.0,29.0,10.0,39.0,67.0,0,,0,0.18055555555555555,1.0,7.2,0.5555555555555556,0.3188400078680277,0,,0,120.0,3.0,0.0,1.0,0.0,0.0,30.0,0
221,<music21.stream.Score 0x7efed11d7940>,bwv357,1,2.215547703180212,2.0,1.0,0.30742049469964666,0,0.33568904593639576,0,,0,0.44782608695652176,0,0.13588850174216027,0,,3.0,28.0,10.0,38.0,67.0,0,,0,0.2229965156794425,1.0,8.96875,0.445993031358885,0.19443827774869088,0,,0,120.0,4.0,0.0,0.0,0.0,0.0,32.0,0
222,<music21.stream.Score 0x7efed1034580>,bwv358,1,2.3316326530612246,2.0,1.0,0.3673469387755102,0,0.24489795918367346,0,,0,0.45977011494252873,0,0.105,0,,2.0,33.0,12.0,39.0,62.0,0,,0,0.2,1.0,7.6923076923076925,0.52,0.37758277238242743,0,,0,120.0,4.0,0.0,0.0,0.0,0.0,26.0,0
223,<music21.stream.Score 0x7efed1038e50>,bwv359,1,1.9900497512437811,2.0,1.0,0.3781094527363184,0,0.31840796019900497,0,,0,0.47530864197530864,0,0.1073170731707317,0,,2.0,25.0,10.0,33.0,64.0,0,,0,0.2,0.0,8.541666666666666,0.4682926829268293,0.19885529042956412,0,,0,120.0,4.0,0.0,0.0,0.0,0.0,24.0,0
224,<music21.stream.Score 0x7efed0ed2e20>,bwv364-2,1,2.2735042735042734,2.0,1.0,0.4230769230769231,0,0.31196581196581197,0,,0,0.4467005076142132,0,0.13865546218487396,0,,2.0,24.0,10.0,32.0,57.0,0,,0,0.21428571428571427,0.0,8.5,0.46218487394957986,0.2185763847941721,0,,0,120.0,4.0,0.0,0.0,0.0,0.0,28.0,0
225,<music21.stream.Score 0x7efed0dd7df0>,bwv368-2,1,2.3517241379310345,2.0,1.0,0.4827586206896552,0,0.1793103448275862,0,,0,0.43609022556390975,0,0.10067114093959731,0,,1.0,26.0,12.0,31.0,71.0,0,,0,0.21476510067114093,1.0,9.3125,0.42953020134228187,0.2394248857857439,0,,0,120.0,4.0,0.0,0.0,0.0,0.0,16.0,0
226,<music21.stream.Score 0x7efed0cfc8e0>,bwv360,1,2.158974358974359,2.0,2.0,0.358974358974359,0,0.4,0,,0,0.47619047619047616,0,0.10050251256281408,0,,1.0,26.0,9.0,36.0,65.0,0,,0,0.20603015075376885,0.0,8.291666666666666,0.4824120603015075,0.16767239251389313,0,,0,120.0,4.0,0.0,0.0,0.0,0.0,24.0,0
227,<music21.stream.Score 0x7efed0bdf9d0>,bwv361,1,1.8986175115207373,2.0,1.0,0.423963133640553,0,0.2534562211981567,0,,0,0.4147727272727273,0,0.10407239819004525,0,,2.0,24.0,11.0,31.0,65.0,0,,0,0.18552036199095023,0.0,8.5,0.47058823529411764,0.3163802878790401,0,,0,120.0,4.0,0.0,0.0,0.0,0.0,26.0,0
228,<music21.stream.Score 0x7efed0b556d0>,bwv362,1,1.933920704845815,2.0,1.0,0.3854625550660793,0,0.2533039647577093,0,,0,0.46736292428198434,0,0.09388646288209607,0,,1.0,28.0,11.0,36.0,65.0,0,,0,0.16593886462882096,0.0,8.641509433962264,0.462882096069869,0.27231317714721087,0,,0,120.0,4.0,0.0,0.0,0.0,1.0,53.0,0
229,<music21.stream.Score 0x7efed09715e0>,bwv363,1,2.3217821782178216,2.0,1.0,0.43564356435643564,0,0.22277227722772278,0,,0,0.44086021505376344,0,0.13106796116504854,0,,3.0,28.0,12.0,36.0,64.0,0,,0,0.18932038834951453,1.0,8.76595744680851,0.44660194174757284,0.2624924535135618,0,,0,120.0,4.0,0.0,0.0,0.0,0.0,23.5,0
230,<music21.stream.Score 0x7efed0874670>,bwv364,1,2.39375,2.0,1.0,0.325,0,0.2625,0,,0,0.46153846153846156,0,0.14634146341463414,0,,2.0,28.0,12.0,34.0,62.0,0,,0,0.22560975609756098,1.0,7.454545454545454,0.5,0.3135652575329533,0,,0,120.0,4.0,0.0,0.0,0.0,0.0,22.0,0
231,<music21.stream.Score 0x7efed07ad100>,bwv365,1,2.736111111111111,2.0,1.0,0.3125,0,0.3541666666666667,0,,0,0.46923076923076923,0,0.10135135135135136,0,,2.0,26.0,9.0,40.0,64.0,0,,0,0.22297297297297297,0.0,8.222222222222221,0.4864864864864865,0.3355156677875095,0,,0,120.0,4.0,0.0,0.0,0.0,0.0,18.0,0
232,<music21.stream.Score 0x7efed07b7190>,bwv366,1,1.9653846153846153,2.0,1.0,0.4269230769230769,0,0.25,0,,0,0.5180180180180181,0,0.10227272727272728,0,,2.0,31.0,12.0,39.0,65.0,0,,0,0.1856060606060606,1.0,7.333333333333333,0.5454545454545454,0.34207502640716125,0,,0,120.0,3.0,0.0,1.0,0.0,0.0,36.0,0
233,<music21.stream.Score 0x7efed06900d0>,bwv367,1,1.9698492462311559,2.0,2.0,0.3417085427135678,0,0.39195979899497485,0,,0,0.5503355704697986,0,0.11822660098522167,0,,1.0,26.0,11.0,33.0,67.0,0,,0,0.18226600985221675,0.0,8.458333333333334,0.4630541871921182,0.23902414911840553,0,,0,120.0,4.0,0.0,0.0,0.0,0.0,24.0,0
234,<music21.stream.Score 0x7efed0541eb0>,bwv368,1,2.208469055374593,2.0,1.0,0.42671009771986973,0,0.25732899022801303,0,,0,0.5018181818181818,0,0.11254019292604502,0,,1.0,25.0,10.0,38.0,65.0,0,,0,0.17363344051446944,0.0,6.412371134020619,0.6229903536977492,0.3797872097185361,0,,0,120.0,3.0,0.0,1.0,0.0,0.0,48.5,0
235,<music21.stream.Score 0x7efed0417be0>,bwv369,1,2.0053763440860215,2.0,1.0,0.3978494623655914,0,0.2903225806451613,0,,0,0.4697986577181208,0,0.08947368421052632,0,,0.0,29.0,11.0,36.0,64.0,0,,0,0.18421052631578946,1.0,7.916666666666667,0.5052631578947369,0.3088155371918329,0,,0,120.0,4.0,0.0,0.0,0.0,0.0,24.0,0
236,<music21.stream.Score 0x7efed02fa550>,bwv376,1,2.2392026578073088,2.0,1.0,0.44518272425249167,0,0.21926910299003322,0,,0,0.4944237918215613,0,0.12459016393442623,0,,1.0,25.0,11.0,31.0,64.0,0,,0,0.19672131147540983,0.0,8.970588235294118,0.4459016393442623,0.22462082475884854,0,,0,120.0,4.0,0.0,0.0,0.0,0.0,34.0,0
237,<music21.stream.Score 0x7efed01adf10>,bwv370,1,2.414285714285714,2.0,1.0,0.39285714285714285,0,0.2785714285714286,0,,0,0.5121951219512195,0,0.125,0,,3.0,24.0,10.0,40.0,67.0,0,,0,0.21527777777777776,0.0,9.0,0.4444444444444444,0.15713484026367722,0,,0,120.0,4.0,0.0,0.0,0.0,0.0,16.0,0
238,<music21.stream.Score 0x7efed0136d90>,bwv371,1,2.3035264483627205,2.0,1.0,0.4156171284634761,0,0.22795969773299748,0,,0,0.46601941747572817,0,0.10776942355889724,0,,1.0,34.0,12.0,36.0,62.0,0,,0,0.16541353383458646,0.0,9.975,0.39849624060150374,0.2765437315317888,0,,0,120.0,4.0,0.0,0.0,0.0,0.0,80.0,0
239,<music21.stream.Score 0x7efecfde17c0>,bwv372,1,1.9885931558935361,2.0,1.0,0.3193916349809886,0,0.30038022813688214,0,,0,0.4479638009049774,0,0.1348314606741573,0,,1.0,28.0,12.0,32.0,62.0,0,,0,0.19101123595505617,1.0,8.612903225806452,0.46441947565543074,0.23433694025540314,0,,0,120.0,4.0,0.0,0.0,0.0,0.0,31.0,0
240,<music21.stream.Score 0x7efecfd9fc70>,bwv373,1,2.4313725490196076,2.0,1.0,0.41830065359477125,0,0.33986928104575165,0,,0,0.5076923076923077,0,0.1337579617834395,0,,2.0,24.0,9.0,38.0,62.0,0,,0,0.21656050955414013,0.0,7.85,0.5095541401273885,0.3893336524482815,0,,0,120.0,4.0,0.0,0.0,0.0,0.0,20.0,0
241,<music21.stream.Score 0x7efecfd17a90>,bwv374,1,2.274447949526814,2.0,1.0,0.40063091482649843,0,0.22712933753943218,0,,0,0.5,0,0.09968847352024922,0,,2.0,28.0,11.0,36.0,62.0,0,,0,0.19003115264797507,1.0,8.337662337662337,0.4485981308411215,0.3147867752790565,0,,0,120.0,4.0,0.0,0.0,0.0,0.0,38.5,0
242,<music21.stream.Score 0x7efecfc1a0d0>,bwv375,1,2.087431693989071,2.0,1.0,0.4262295081967213,0,0.28415300546448086,0,,0,0.4551282051282051,0,0.0962566844919786,0,,3.0,24.0,10.0,33.0,62.0,0,,0,0.2192513368983957,0.0,9.35,0.42513368983957217,0.25445886441196924,0,,0,120.0,4.0,0.0,0.0,0.0,0.0,20.0,0
243,<music21.stream.Score 0x7efecfb06160>,bwv376,1,2.191011235955056,2.0,1.0,0.4101123595505618,0,0.2696629213483146,0,,0,0.4866666666666667,0,0.08791208791208792,0,,0.0,23.0,10.0,33.0,76.0,0,,0,0.2197802197802198,0.0,9.1,0.43956043956043955,0.26296246373973325,0,,0,120.0,4.0,0.0,0.0,0.0,0.0,20.0,0
244,<music21.stream.Score 0x7efecfa0d670>,bwv377,1,2.040268456375839,2.0,1.0,0.5100671140939598,0,0.19463087248322147,0,,0,0.48507462686567165,0,0.12418300653594772,0,,3.0,23.0,9.0,36.0,57.0,0,,0,0.20915032679738563,0.0,9.5625,0.41830065359477125,0.13953138588372022,0,,0,120.0,4.0,0.0,0.0,0.0,0.0,16.0,0
245,<music21.stream.Score 0x7efecf93d9d0>,bwv378,1,2.0163934426229506,2.0,1.0,0.3975409836065574,0,0.26229508196721313,0,,0,0.5190476190476191,0,0.13306451612903225,0,,2.0,26.0,11.0,38.0,67.0,0,,0,0.2096774193548387,0.0,7.75,0.46774193548387094,0.2343224229962522,0,,0,120.0,4.0,0.0,0.0,0.0,0.0,32.0,0
246,<music21.stream.Score 0x7efecf8e11c0>,bwv379,1,2.2916666666666665,2.0,1.0,0.3888888888888889,0,0.3263888888888889,0,,0,0.4700854700854701,0,0.12837837837837837,0,,2.0,22.0,8.0,33.0,67.0,0,,0,0.19594594594594594,0.0,8.222222222222221,0.4864864864864865,0.34267649795370764,0,,0,120.0,4.0,0.0,0.0,0.0,0.0,18.0,0
247,<music21.stream.Score 0x7efecf785610>,bwv386,1,2.3258426966292136,2.0,1.0,0.4101123595505618,0,0.20224719101123595,0,,0,0.42857142857142855,0,0.12637362637362637,0,,1.0,27.0,10.0,36.0,64.0,0,,0,0.17582417582417584,1.0,7.0,0.5714285714285714,0.2805158961179959,0,,0,120.0,4.0,0.0,0.0,0.0,0.0,26.0,0
248,<music21.stream.Score 0x7efecf6a9eb0>,bwv380,1,2.2283464566929134,2.0,1.0,0.3543307086614173,0,0.32677165354330706,0,,0,0.4697674418604651,0,0.09302325581395349,0,,1.0,31.0,11.0,36.0,63.0,0,,0,0.17829457364341084,0.0,9.923076923076923,0.40310077519379844,0.2369359428350857,0,,0,120.0,4.0,0.0,0.0,0.0,0.0,26.0,0
249,<music21.stream.Score 0x7efecf5a03d0>,bwv381,1,2.348314606741573,2.0,1.0,0.3782771535580524,0,0.30711610486891383,0,,0,0.45982142857142855,0,0.1033210332103321,0,,4.0,26.0,10.0,36.0,67.0,0,,0,0.16974169741697417,1.0,9.033333333333333,0.44280442804428044,0.2036427360983747,0,,0,120.0,4.0,0.0,0.0,0.0,0.0,30.0,0
250,<music21.stream.Score 0x7efecf4b6460>,bwv382,1,2.444933920704846,2.0,1.0,0.42731277533039647,0,0.21145374449339208,0,,0,0.4520547945205479,0,0.11255411255411256,0,,3.0,26.0,11.0,36.0,62.0,0,,0,0.1774891774891775,1.0,9.428571428571429,0.42424242424242425,0.2881065401200117,0,,0,120.0,4.0,0.0,0.0,0.0,0.0,24.5,0
251,<music21.stream.Score 0x7efecf3b2ca0>,bwv383,1,2.2204545454545452,2.0,1.0,0.41363636363636364,0,0.225,0,,0,0.4472361809045226,0,0.11486486486486487,0,,1.0,28.0,11.0,38.0,64.0,0,,0,0.17792792792792791,1.0,8.222222222222221,0.46396396396396394,0.3149732700779009,0,,0,120.0,4.0,0.0,0.0,0.0,0.0,54.0,0
252,<music21.stream.Score 0x7efecf208a00>,bwv384,1,2.3174603174603177,2.0,1.0,0.35714285714285715,0,0.3253968253968254,0,,0,0.46534653465346537,0,0.1,0,,3.0,25.0,9.0,36.0,65.0,0,,0,0.17692307692307693,0.0,8.125,0.49230769230769234,0.22239617616226595,0,,0,120.0,4.0,0.0,0.0,0.0,0.0,16.0,0
253,<music21.stream.Score 0x7efecf16ce50>,bwv385,1,2.4260869565217393,2.0,1.0,0.41304347826086957,0,0.2956521739130435,0,,0,0.45588235294117646,0,0.09401709401709402,0,,1.0,26.0,10.0,38.0,64.0,0,,0,0.20512820512820515,0.0,8.357142857142858,0.4700854700854701,0.2587411858245089,0,,0,120.0,4.0,0.0,0.0,0.0,0.0,28.0,0
254,<music21.stream.Score 0x7efecf082730>,bwv386,1,2.208791208791209,2.0,1.0,0.29120879120879123,0,0.4010989010989011,0,,0,0.48951048951048953,0,0.10215053763440861,0,,2.0,25.0,10.0,38.0,64.0,0,,0,0.22043010752688175,0.0,7.75,0.4731182795698925,0.27086918437172103,0,,0,120.0,4.0,0.0,0.0,0.0,0.0,24.0,0
255,<music21.stream.Score 0x7efeceff31c0>,bwv387,1,2.1493506493506493,2.0,1.0,0.36363636363636365,0,0.33766233766233766,0,,0,0.46616541353383456,0,0.0949367088607595,0,,3.0,30.0,11.0,36.0,62.0,0,,0,0.17088607594936708,0.0,9.875,0.4050632911392405,0.15433502451388034,0,,0,120.0,4.0,0.0,0.0,0.0,0.0,16.0,0
256,<music21.stream.Score 0x7efeceee7e20>,bwv388,1,2.4776119402985075,2.0,1.0,0.40298507462686567,0,0.21393034825870647,0,,0,0.489247311827957,0,0.0975609756097561,0,,2.0,24.0,10.0,33.0,67.0,0,,0,0.18536585365853658,0.0,10.25,0.3902439024390244,0.16001886786431108,0,,0,120.0,4.0,0.0,0.0,0.0,0.0,20.0,0
257,<music21.stream.Score 0x7efecede4880>,bwv389,1,2.180327868852459,2.0,1.0,0.4344262295081967,0,0.27595628415300544,0,,0,0.483974358974359,0,0.10270270270270271,0,,1.0,28.0,11.0,36.0,67.0,0,,0,0.1864864864864865,0.0,9.736842105263158,0.41081081081081083,0.18074924213333515,0,,0,120.0,4.0,0.0,0.0,0.0,0.0,38.0,0
258,<music21.stream.Score 0x7efececbefd0>,bwv397,1,2.1792452830188678,2.0,1.0,0.44339622641509435,0,0.2028301886792453,0,,0,0.4791666666666667,0,0.09259259259259259,0,,1.0,26.0,11.0,36.0,65.0,0,,0,0.1898148148148148,0.0,8.307692307692308,0.48148148148148145,0.21267341427302558,0,,0,120.0,4.0,0.0,0.0,0.0,0.0,26.0,0
259,<music21.stream.Score 0x7efecec0bb50>,bwv390,1,2.1844380403458215,2.0,1.0,0.3746397694524496,0,0.2968299711815562,0,,0,0.4711864406779661,0,0.09971509971509972,0,,2.0,28.0,11.0,36.0,60.0,0,,0,0.1965811965811966,0.0,6.5,0.6153846153846154,0.24721769751120937,0,,0,120.0,3.0,0.0,1.0,0.0,0.0,54.0,0
260,<music21.stream.Score 0x7efecea58130>,bwv391,1,2.0,2.0,1.0,0.4,0,0.28205128205128205,0,,0,0.4720496894409938,0,0.12060301507537688,0,,2.0,24.0,10.0,33.0,67.0,0,,0,0.19597989949748745,0.0,7.37037037037037,0.542713567839196,0.2780670418544105,0,,0,120.0,3.0,0.0,1.0,0.0,0.0,27.0,0
261,<music21.stream.Score 0x7efece999fa0>,bwv392,1,2.3157894736842106,2.0,1.0,0.37320574162679426,0,0.291866028708134,0,,0,0.5083798882681564,0,0.13615023474178403,0,,1.0,26.0,11.0,36.0,65.0,0,,0,0.22535211267605634,0.0,8.875,0.44366197183098594,0.19242026166300497,0,,0,120.0,4.0,0.0,0.0,0.0,0.0,24.0,0
262,<music21.stream.Score 0x7efece8b3ac0>,bwv393,1,2.0927835051546393,2.0,1.0,0.38144329896907214,0,0.27835051546391754,0,,0,0.484472049689441,0,0.13636363636363635,0,,1.0,24.0,11.0,31.0,64.0,0,,0,0.23232323232323235,0.0,8.081632653061224,0.494949494949495,0.2281618410954561,0,,0,120.0,4.0,0.0,0.0,0.0,0.0,24.5,0
263,<music21.stream.Score 0x7efece80cb20>,bwv394,1,2.3179916317991633,2.0,1.0,0.497907949790795,0,0.200836820083682,0,,0,0.4372093023255814,0,0.11934156378600823,0,,2.0,22.0,9.0,31.0,64.0,0,,0,0.205761316872428,0.0,10.125,0.3868312757201646,0.17362463748556523,0,,0,120.0,4.0,0.0,0.0,0.0,0.0,24.0,0
264,<music21.stream.Score 0x7efece6a1760>,bwv395,1,2.0682926829268293,2.0,1.0,0.4634146341463415,0,0.1902439024390244,0,,0,0.47540983606557374,0,0.09569377990430622,0,,1.0,25.0,11.0,31.0,64.0,0,,0,0.17224880382775118,0.0,8.708333333333334,0.45933014354066987,0.22874272775948576,0,,0,120.0,4.0,0.0,0.0,0.0,0.0,24.0,0
265,<music21.stream.Score 0x7efece66d850>,bwv396,1,2.0714285714285716,2.0,1.0,0.31746031746031744,0,0.30158730158730157,0,,0,0.46601941747572817,0,0.12307692307692308,0,,2.0,27.0,10.0,36.0,64.0,0,,0,0.2153846153846154,1.0,8.125,0.47692307692307695,0.2556028955952698,0,,0,120.0,4.0,0.0,0.0,0.0,0.0,16.0,0
266,<music21.stream.Score 0x7efece57d6d0>,bwv397,1,2.588235294117647,2.0,1.0,0.36764705882352944,0,0.27450980392156865,0,,0,0.4858757062146893,0,0.12980769230769232,0,,4.0,27.0,11.0,36.0,65.0,0,,0,0.16826923076923078,0.0,8.0,0.5,0.3245281337810092,0,,0,120.0,4.0,0.0,0.0,0.0,0.0,26.0,0
267,<music21.stream.Score 0x7efece46ddc0>,bwv398,1,1.9606299212598426,2.0,2.0,0.3700787401574803,0,0.33858267716535434,0,,0,0.4619289340101523,0,0.13178294573643412,0,,2.0,24.0,11.0,31.0,62.0,0,,0,0.2131782945736434,0.0,8.0625,0.4573643410852713,0.2431205219347107,0,,0,120.0,4.0,0.0,0.0,0.0,0.0,32.0,0
268,<music21.stream.Score 0x7efece439340>,bwv399,1,2.1458333333333335,2.0,1.0,0.40625,0,0.2708333333333333,0,,0,0.4329268292682927,0,0.1377551020408163,0,,2.0,25.0,9.0,35.0,67.0,0,,0,0.21428571428571427,1.0,8.166666666666666,0.4897959183673469,0.37422260807105645,0,,0,120.0,4.0,0.0,0.0,0.0,0.0,24.0,0
269,<music21.stream.Score 0x7efece2ec910>,bwv48,1,2.1778846153846154,2.0,1.0,0.40865384615384615,0,0.22115384615384615,0,,0,0.44919786096256686,0,0.09905660377358491,0,,2.0,32.0,11.0,38.0,62.0,0,,0,0.18867924528301885,1.0,8.833333333333334,0.4528301886792453,0.1832882548655601,0,,0,120.0,4.0,0.0,0.0,0.0,0.0,24.0,0
270,<music21.stream.Score 0x7efece1d6520>,bwv403,1,2.12,2.0,1.0,0.33,0,0.295,0,,0,0.4502923976608187,0,0.10784313725490197,0,,2.0,27.0,11.0,32.0,67.0,0,,0,0.19117647058823528,1.0,9.272727272727273,0.43137254901960786,0.12697876320577076,0,,0,120.0,4.0,0.0,0.0,0.0,0.0,22.0,0
271,<music21.stream.Score 0x7efece1177c0>,bwv406,1,2.1097560975609757,2.0,1.0,0.3780487804878049,0,0.24796747967479674,0,,0,0.4528301886792453,0,0.108,0,,1.0,32.0,12.0,34.0,69.0,0,,0,0.20400000000000001,1.0,7.8125,0.512,0.23580924494175373,0,,0,120.0,4.0,0.0,0.0,0.0,0.0,32.0,0
272,<music21.stream.Score 0x7efecdf9e7f0>,bwv408,1,2.0762711864406778,2.0,2.0,0.288135593220339,0,0.4152542372881356,0,,0,0.49429657794676807,0,0.12011173184357542,0,,1.0,31.0,12.0,36.0,65.0,0,,0,0.19832402234636873,1.0,8.95,0.44692737430167595,0.17321814411823297,0,,0,120.0,4.0,0.0,0.0,0.0,0.0,40.0,0
273,<music21.stream.Score 0x7efecde7cd00>,bwv400,1,2.2298850574712645,2.0,1.0,0.3850574712643678,0,0.3218390804597701,0,,0,0.43448275862068964,0,0.10674157303370786,0,,1.0,29.0,10.0,38.0,58.0,0,,0,0.1853932584269663,0.0,6.592592592592593,0.6067415730337079,0.32214092554677415,0,,0,120.0,3.0,0.0,1.0,0.0,0.0,27.0,0
274,<music21.stream.Score 0x7efecde00790>,bwv401,1,2.2167487684729066,2.0,1.0,0.4039408866995074,0,0.29064039408866993,0,,0,0.47126436781609193,0,0.10628019323671498,0,,2.0,27.0,11.0,38.0,65.0,0,,0,0.18840579710144928,0.0,9.409090909090908,0.4251207729468599,0.23565739051375065,0,,0,120.0,4.0,0.0,0.0,0.0,0.0,22.0,0
275,<music21.stream.Score 0x7efecdca2fd0>,bwv402,1,2.2521994134897363,2.0,1.0,0.40175953079178883,0,0.24926686217008798,0,,0,0.48184818481848185,0,0.0927536231884058,0,,1.0,32.0,12.0,36.0,63.0,0,,0,0.16521739130434782,0.0,9.583333333333334,0.41739130434782606,0.17095767909142795,0,,0,120.0,4.0,0.0,0.0,0.0,0.0,36.0,0
276,<music21.stream.Score 0x7efecdb97e80>,bwv403,1,1.944915254237288,2.0,1.0,0.3389830508474576,0,0.2923728813559322,0,,0,0.47668393782383417,0,0.1375,0,,1.0,29.0,11.0,36.0,62.0,0,,0,0.225,1.0,7.619047619047619,0.525,0.32096858620951263,0,,0,120.0,3.0,0.0,1.0,0.0,0.0,31.5,0
277,<music21.stream.Score 0x7efecdafedf0>,bwv404,1,2.3684210526315788,2.0,1.0,0.39097744360902253,0,0.24812030075187969,0,,0,0.4322033898305085,0,0.11678832116788321,0,,1.0,25.0,10.0,34.0,64.0,0,,0,0.23357664233576642,1.0,8.303030303030303,0.48175182481751827,0.20627703648574547,0,,0,120.0,4.0,0.0,0.0,0.0,0.0,16.5,0
278,<music21.stream.Score 0x7efecda10460>,bwv405,1,2.310734463276836,2.0,1.0,0.4011299435028249,0,0.2655367231638418,0,,0,0.5359477124183006,0,0.10497237569060773,0,,2.0,33.0,11.0,38.0,64.0,0,,0,0.19889502762430938,1.0,8.227272727272727,0.47513812154696133,0.22276355111859897,0,,0,120.0,4.0,0.0,0.0,0.0,0.0,22.0,0
279,<music21.stream.Score 0x7efecd8e3640>,bwv406,1,2.682051282051282,2.0,1.0,0.38974358974358975,0,0.28717948717948716,0,,0,0.4371584699453552,0,0.08542713567839195,0,,0.0,29.0,10.0,41.0,65.0,0,,0,0.18090452261306533,1.0,9.045454545454545,0.44221105527638194,0.30016056955564935,0,,0,120.0,4.0,0.0,0.0,0.0,0.0,22.0,0
280,<music21.stream.Score 0x7efecd892700>,bwv407,1,2.202127659574468,2.0,1.0,0.38563829787234044,0,0.27925531914893614,0,,0,0.47720364741641336,0,0.09473684210526316,0,,2.0,33.0,11.0,38.0,69.0,0,,0,0.18157894736842106,0.0,7.037037037037037,0.5684210526315789,0.47651021039366853,0,,0,120.0,4.0,0.0,0.0,0.0,0.0,54.0,0
281,<music21.stream.Score 0x7efecd6c3520>,bwv408,1,2.570588235294118,2.0,1.0,0.34705882352941175,0,0.31176470588235294,0,,0,0.4563758389261745,0,0.10344827586206896,0,,1.0,30.0,11.0,37.0,67.0,0,,0,0.1896551724137931,1.0,7.25,0.5057471264367817,0.21054121383146743,0,,0,120.0,4.0,0.0,0.0,0.0,0.0,24.0,0
282,<music21.stream.Score 0x7efecd5f98b0>,bwv409,1,2.180722891566265,2.0,1.0,0.3855421686746988,0,0.2891566265060241,0,,0,0.4928571428571429,0,0.15294117647058825,0,,2.0,22.0,8.0,34.0,64.0,0,,0,0.22941176470588234,0.0,7.7272727272727275,0.5176470588235295,0.26509774915867645,0,,0,120.0,4.0,0.0,0.0,0.0,0.0,22.0,0
283,<music21.stream.Score 0x7efecd540790>,bwv416,1,2.0043478260869567,2.0,2.0,0.3217391304347826,0,0.42028985507246375,0,,0,0.5102459016393442,0,0.12017167381974249,0,,1.0,32.0,12.0,38.0,67.0,0,,0,0.23891273247496422,0.0,11.274193548387096,0.44206008583690987,0.30857947521996865,0,,0,120.0,4.0,0.0,0.0,0.0,1.0,62.0,0
284,<music21.stream.Score 0x7efecd137250>,bwv410,1,1.9776785714285714,2.0,1.0,0.3169642857142857,0,0.33482142857142855,0,,0,0.4619883040935672,0,0.08771929824561403,0,,0.0,29.0,10.0,37.0,65.0,0,,0,0.17105263157894735,1.0,8.142857142857142,0.49122807017543857,0.27715429027091393,0,,0,120.0,4.0,0.0,0.0,0.0,0.0,28.0,0
285,<music21.stream.Score 0x7efecd0639a0>,bwv411,1,2.208,2.0,1.0,0.428,0,0.244,0,,0,0.4581497797356828,0,0.09448818897637795,0,,1.0,28.0,10.0,35.0,62.0,0,,0,0.15748031496062992,0.0,9.76923076923077,0.4094488188976378,0.2537500074445961,0,,0,120.0,4.0,0.0,0.0,0.0,0.0,26.0,0
286,<music21.stream.Score 0x7efeccf5e430>,bwv412,1,2.0278884462151394,2.0,1.0,0.350597609561753,0,0.3107569721115538,0,,0,0.4306930693069307,0,0.10588235294117647,0,,1.0,33.0,12.0,39.0,62.0,0,,0,0.19607843137254902,1.0,8.5,0.4470588235294118,0.19146283228771982,0,,0,120.0,4.0,0.0,0.0,0.0,0.0,30.0,0
287,<music21.stream.Score 0x7efeccecbca0>,bwv413,1,2.1455026455026456,2.0,1.0,0.4074074074074074,0,0.2830687830687831,0,,0,0.5377358490566038,0,0.10209424083769633,0,,1.0,31.0,11.0,39.0,65.0,0,,0,0.17539267015706808,1.0,7.958333333333333,0.5026178010471204,0.341299419446527,0,,0,120.0,3.0,0.0,1.0,0.0,0.0,48.0,0
288,<music21.stream.Score 0x7efecce49dc0>,bwv414,1,2.089171974522293,2.0,1.0,0.4012738853503185,0,0.28662420382165604,0,,0,0.43846153846153846,0,0.11180124223602485,0,,3.0,23.0,10.0,31.0,67.0,0,,0,0.24844720496894407,0.0,8.05,0.4968944099378882,0.27722501573204605,0,,0,120.0,4.0,0.0,0.0,0.0,0.0,20.0,0
289,<music21.stream.Score 0x7efeccc708e0>,bwv415,1,2.260869565217391,2.0,1.0,0.3961352657004831,0,0.28502415458937197,0,,0,0.45454545454545453,0,0.09004739336492891,0,,1.0,32.0,12.0,40.0,62.0,0,,0,0.1943127962085308,0.0,8.791666666666666,0.4549763033175355,0.3006491781934882,0,,0,120.0,4.0,0.0,0.0,0.0,0.0,24.0,0
290,<music21.stream.Score 0x7efeccb723d0>,bwv416,1,2.2122641509433962,2.0,1.0,0.3867924528301887,0,0.24528301886792453,0,,0,0.44086021505376344,0,0.10648148148148148,0,,2.0,31.0,11.0,36.0,62.0,0,,0,0.1898148148148148,1.0,9.0,0.4444444444444444,0.11132791348528748,0,,0,120.0,4.0,0.0,0.0,0.0,0.0,24.0,0
291,<music21.stream.Score 0x7efeccac7e20>,bwv417,1,2.230769230769231,2.0,1.0,0.41452991452991456,0,0.25213675213675213,0,,0,0.47761194029850745,0,0.1134453781512605,0,,1.0,31.0,11.0,36.0,66.0,0,,0,0.18487394957983191,1.0,9.916666666666666,0.40336134453781514,0.297016402543201,0,,0,120.0,4.0,0.0,0.0,0.0,0.0,24.0,0
292,<music21.stream.Score 0x7efecc9d5cd0>,bwv418,1,2.0701107011070112,2.0,1.0,0.4095940959409594,0,0.26199261992619927,0,,0,0.5,0,0.10545454545454545,0,,1.0,29.0,11.0,36.0,64.0,0,,0,0.1709090909090909,1.0,8.59375,0.46545454545454545,0.2894937159425882,0,,0,120.0,4.0,0.0,0.0,0.0,0.0,32.0,0
293,<music21.stream.Score 0x7efecc860160>,bwv419,1,2.103960396039604,2.0,1.0,0.4306930693069307,0,0.2376237623762376,0,,0,0.46285714285714286,0,0.10679611650485436,0,,1.0,27.0,11.0,31.0,64.0,0,,0,0.19902912621359223,1.0,8.583333333333334,0.46601941747572817,0.28445473237158964,0,,0,120.0,4.0,0.0,0.0,0.0,0.0,24.0,0
294,<music21.stream.Score 0x7efecc810d00>,bwv427,1,1.9806451612903226,2.0,1.0,0.4172043010752688,0,0.26666666666666666,0,,0,0.48186528497409326,0,0.10021321961620469,0,,1.0,28.0,10.0,36.0,66.0,0,,0,0.17484008528784648,1.0,8.685185185185185,0.4605543710021322,0.27725238040141403,0,,0,120.0,4.0,0.0,0.0,0.0,0.0,54.0,0
295,<music21.stream.Score 0x7efecc616430>,bwv420,1,2.0463917525773194,2.0,1.0,0.3711340206185567,0,0.26288659793814434,0,,0,0.4397590361445783,0,0.09595959595959595,0,,2.0,32.0,11.0,38.0,69.0,0,,0,0.23232323232323235,1.0,9.9,0.40404040404040403,0.21046506556209982,0,,0,120.0,4.0,0.0,0.0,0.0,0.0,20.0,0
296,<music21.stream.Score 0x7efecc5d4460>,bwv421,1,2.2329545454545454,2.0,1.0,0.36363636363636365,0,0.25,0,,0,0.4774193548387097,0,0.1,0,,2.0,29.0,12.0,31.0,69.0,0,,0,0.2111111111111111,1.0,9.0,0.4444444444444444,0.20122119454918874,0,,0,120.0,4.0,0.0,0.0,0.0,0.0,20.0,0
297,<music21.stream.Score 0x7efecc4bd880>,bwv422,1,2.19811320754717,2.0,1.0,0.3160377358490566,0,0.29245283018867924,0,,0,0.5056818181818182,0,0.11574074074074074,0,,1.0,25.0,11.0,33.0,67.0,0,,0,0.18055555555555555,0.0,8.307692307692308,0.48148148148148145,0.2688575445969373,0,,0,120.0,4.0,0.0,0.0,0.0,0.0,26.0,0
298,<music21.stream.Score 0x7efecc39b940>,bwv423,1,2.6549295774647885,2.0,1.0,0.31690140845070425,0,0.2746478873239437,0,,0,0.4457831325301205,0,0.1076388888888889,0,,2.0,29.0,10.0,39.0,62.0,0,,0,0.22916666666666666,1.0,9.0,0.4444444444444444,0.20132901408783643,0,,0,120.0,4.0,0.0,0.0,0.0,0.0,32.0,0
299,<music21.stream.Score 0x7efecc25b5b0>,bwv424,1,2.3488372093023258,2.0,1.0,0.34108527131782945,0,0.32558139534883723,0,,0,0.3963963963963964,0,0.09022556390977443,0,,2.0,24.0,10.0,37.0,69.0,0,,0,0.24060150375939848,1.0,7.0,0.5112781954887218,0.2104297912448717,0,,0,120.0,4.0,0.0,0.0,0.0,0.0,19.0,0
300,<music21.stream.Score 0x7efecc24e280>,bwv425,1,2.275728155339806,2.0,1.0,0.39611650485436894,0,0.24660194174757283,0,,0,0.48504273504273504,0,0.10789980732177264,0,,1.0,32.0,12.0,38.0,62.0,0,,0,0.15992292870905586,1.0,10.277227722772277,0.36608863198458574,0.2215482824803603,0,,0,120.0,4.0,0.0,0.0,0.0,0.0,50.5,0
301,<music21.stream.Score 0x7efecc024550>,bwv426,1,1.9850746268656716,2.0,1.0,0.4141791044776119,0,0.291044776119403,0,,0,0.4488888888888889,0,0.09191176470588236,0,,1.0,26.0,10.0,34.0,67.0,0,,0,0.15808823529411764,0.0,8.5,0.45588235294117646,0.23362227743113612,0,,0,120.0,4.0,0.0,0.0,0.0,0.0,32.0,0
302,<music21.stream.Score 0x7efecbf21e20>,bwv427,1,2.3636363636363638,2.0,1.0,0.42424242424242425,0,0.2727272727272727,0,,0,0.4502923976608187,0,0.1188118811881188,0,,2.0,26.0,11.0,36.0,58.0,0,,0,0.21287128712871287,0.0,7.214285714285714,0.5148514851485149,0.24675312896944218,0,,0,120.0,4.0,0.0,0.0,0.0,0.0,28.0,0
303,<music21.stream.Score 0x7efecbf165e0>,bwv428,1,1.9409594095940959,2.0,1.0,0.4280442804428044,0,0.28413284132841327,0,,0,0.4732142857142857,0,0.12727272727272726,0,,1.0,30.0,12.0,36.0,62.0,0,,0,0.1890909090909091,0.0,9.166666666666666,0.43636363636363634,0.1972433995795194,0,,0,120.0,4.0,0.0,0.0,0.0,0.0,30.0,0
304,<music21.stream.Score 0x7efecbd34910>,bwv429,1,2.276595744680851,2.0,1.0,0.4326241134751773,0,0.2553191489361702,0,,0,0.4897959183673469,0,0.11188811188811189,0,,1.0,30.0,11.0,36.0,64.0,0,,0,0.17482517482517482,0.0,9.533333333333333,0.4195804195804196,0.21846852240298334,0,,0,120.0,4.0,0.0,0.0,0.0,0.0,30.0,0
305,<music21.stream.Score 0x7efecbbdd6d0>,bwv4311,1,1.9476439790575917,0.0,2.0,0.2879581151832461,0,0.46596858638743455,0,,0,0.5073529411764706,0,0.1076923076923077,0,,1.0,26.0,10.0,36.0,62.0,0,,0,0.2,0.0,5.909090909090909,0.676923076923077,0.33317550504165716,0,,0,120.0,3.0,0.0,1.0,0.0,0.0,33.0,0
306,<music21.stream.Score 0x7efecbb907c0>,bwv430,1,2.280821917808219,2.0,1.0,0.4349315068493151,0,0.2568493150684932,0,,0,0.525096525096525,0,0.125,0,,1.0,28.0,11.0,34.0,64.0,0,,0,0.18243243243243246,0.0,9.866666666666667,0.40540540540540543,0.2242299235593462,0,,0,120.0,4.0,0.0,0.0,0.0,0.0,30.0,0
307,<music21.stream.Score 0x7efecbb043a0>,bwv431,1,2.5207100591715976,2.0,1.0,0.42011834319526625,0,0.22485207100591717,0,,0,0.45625,0,0.13872832369942195,0,,2.0,25.0,11.0,31.0,60.0,0,,0,0.20809248554913293,0.0,9.61111111111111,0.4046242774566474,0.17608130968020877,0,,0,120.0,4.0,0.0,0.0,0.0,0.0,18.0,0
308,<music21.stream.Score 0x7efecb91c2b0>,bwv432,1,2.208092485549133,2.0,1.0,0.4624277456647399,0,0.2138728323699422,0,,0,0.4591194968553459,0,0.1016949152542373,0,,2.0,23.0,9.0,31.0,62.0,0,,0,0.1694915254237288,0.0,11.0625,0.3615819209039548,0.15148757779705438,0,,0,120.0,4.0,0.0,0.0,0.0,0.0,16.0,0
309,<music21.stream.Score 0x7efecb8c63d0>,bwv433,1,1.9112627986348123,2.0,1.0,0.3924914675767918,0,0.27986348122866894,0,,0,0.4957627118644068,0,0.1447811447811448,0,,3.0,22.0,9.0,30.0,62.0,0,,0,0.1919191919191919,0.0,7.071428571428571,0.5050505050505051,0.30094505601881744,0,,0,120.0,4.0,0.0,0.0,0.0,0.0,42.0,0
310,<music21.stream.Score 0x7efecb7415b0>,bwv434,1,2.005952380952381,2.0,1.0,0.3869047619047619,0,0.23809523809523808,0,,0,0.4797297297297297,0,0.12209302325581395,0,,1.0,28.0,11.0,32.0,64.0,0,,0,0.20930232558139533,1.0,9.555555555555555,0.4186046511627907,0.22292929732602143,0,,0,120.0,4.0,0.0,0.0,0.0,0.0,18.0,0
311,<music21.stream.Score 0x7efecb6d26d0>,bwv435,1,2.2300469483568075,2.0,1.0,0.352112676056338,0,0.25821596244131456,0,,0,0.5130890052356021,0,0.10599078341013825,0,,2.0,26.0,12.0,32.0,59.0,0,,0,0.17972350230414746,1.0,9.863636363636363,0.4055299539170507,0.1649900716926347,0,,0,120.0,4.0,0.0,0.0,0.0,0.0,22.0,0
312,<music21.stream.Score 0x7efecb5b9f70>,bwv436,1,2.293577981651376,2.0,1.0,0.40825688073394495,0,0.25688073394495414,0,,0,0.4479166666666667,0,0.13963963963963963,0,,2.0,25.0,10.0,34.0,59.0,0,,0,0.22072072072072071,0.0,7.928571428571429,0.4954954954954955,0.2078335861434792,0,,0,120.0,4.0,0.0,0.0,0.0,0.0,28.0,0
313,<music21.stream.Score 0x7efecb582250>,bwv437,1,2.403654485049834,2.0,1.0,0.38870431893687707,0,0.2292358803986711,0,,0,0.5008849557522124,0,0.10561056105610561,0,,2.0,35.0,12.0,38.0,57.0,0,,0,0.18646864686468648,1.0,9.46875,0.41089108910891087,0.2828116984590321,0,,0,120.0,4.0,0.0,0.0,0.0,0.0,64.0,0
314,<music21.stream.Score 0x7efecb289fa0>,bwv438,1,2.5806451612903225,2.0,1.0,0.4,0,0.2903225806451613,0,,0,0.5036496350364964,0,0.11320754716981132,0,,2.0,24.0,10.0,36.0,65.0,0,,0,0.20754716981132076,0.0,9.9375,0.4025157232704403,0.1514135432302325,0,,0,120.0,4.0,0.0,0.0,0.0,0.0,16.0,0
